index,dependecy:advcl,dependecy:parataxis,dependecy:nmod,dependecy:nmod:npmod,dependecy:acl,dependecy:root,dependecy:advmod,dependecy:dobj,dependecy:nsubjpass,dependecy:aux,dependecy:neg,dependecy:iobj,dependecy:cop,dependecy:mark,dependecy:auxpass,dependecy:mwe,dependecy:punct,dependecy:ROOT,dependecy:case,dependecy:amod,dependecy:ccomp,dependecy:compound:prt,dependecy:nmod:tmod,dependecy:det,dependecy:csubj,dependecy:conj,dependecy:det:predet,dependecy:nsubj,dependecy:nummod,dependecy:discourse,dependecy:appos,dependecy:xcomp,dependecy:compound,dependecy:cc:preconj,dependecy:expl,dependecy:dep,dependecy:nmod:poss,dependecy:cc,dependecy:acl:relcl
0,0,0,0,0,0,0,3,1,0,0,0,0,0,0,0,0,0,1,0,1,0,0,0,1,0,0,0,1,0,0,0,0,0,0,0,0,0,0,0
1,1,0,1,0,0,0,1,1,1,1,1,0,1,2,1,0,0,1,1,1,1,2,0,3,0,1,0,4,0,0,0,0,0,0,0,0,0,1,1
2,0,0,2,0,0,0,2,1,0,1,1,0,0,2,0,0,0,1,2,1,1,0,0,1,0,1,0,2,1,0,0,3,0,0,0,0,0,1,0
3,0,0,1,0,0,0,2,2,0,0,0,0,0,0,0,0,0,1,1,0,0,0,0,2,0,0,0,1,0,0,0,0,0,0,0,1,0,0,0
4,0,0,0,0,0,0,1,1,0,1,0,0,0,0,0,0,0,1,0,2,0,0,0,1,0,0,0,1,0,0,0,0,1,0,0,0,0,0,0
5,0,0,1,0,0,0,0,1,0,2,0,0,0,2,0,0,0,1,1,1,2,0,0,1,0,0,0,3,0,0,0,2,0,0,0,0,0,1,0
6,0,0,4,0,0,0,3,1,0,0,0,0,1,0,0,0,0,1,3,2,0,0,0,2,0,0,0,2,0,0,0,0,0,0,0,0,0,0,0
7,0,0,1,0,0,0,1,1,0,0,0,0,0,1,0,0,0,1,1,1,0,0,0,2,0,0,0,0,0,0,0,1,0,0,0,0,0,0,0
8,1,0,0,0,0,0,2,2,1,2,0,0,0,3,1,0,0,1,0,0,1,0,0,0,0,0,0,2,0,0,0,2,0,0,0,0,1,0,0
9,0,0,1,0,0,0,0,1,0,0,0,0,0,0,0,0,0,1,1,1,0,1,0,2,1,0,0,0,0,0,0,0,1,0,0,0,0,0,0
10,0,0,2,0,1,0,0,1,0,1,0,0,0,0,0,0,0,1,3,0,0,0,0,2,0,0,0,1,0,0,0,0,0,0,0,0,1,0,0
11,0,0,3,0,1,0,1,0,0,0,0,0,0,1,0,0,0,1,3,0,0,0,0,0,0,1,0,1,0,0,0,1,0,0,0,0,2,1,0
12,1,0,2,0,0,0,1,2,0,3,0,0,0,0,0,1,2,1,3,1,0,0,0,3,0,0,0,3,0,0,0,1,0,0,0,0,0,0,2
13,0,0,0,0,1,0,1,1,0,0,0,0,0,1,0,0,0,1,0,0,0,0,0,2,0,0,0,1,0,0,0,0,2,0,0,0,0,0,0
14,0,0,0,0,0,0,2,2,0,1,0,0,1,1,0,0,0,1,0,0,0,0,0,2,0,1,0,2,0,0,0,1,0,0,0,0,0,1,0
15,0,0,1,0,0,0,0,3,0,0,0,0,1,1,0,0,0,1,2,1,0,0,0,3,0,1,0,2,0,0,0,1,3,0,0,0,1,1,1
16,0,0,2,0,0,0,0,1,0,0,0,0,0,0,0,0,0,1,2,1,0,0,0,1,0,1,0,1,0,0,0,0,0,0,0,1,0,1,0
17,0,1,1,0,0,0,4,3,0,1,1,0,0,1,0,0,0,1,1,1,0,0,0,1,0,1,0,2,0,0,0,1,0,0,0,0,0,1,0
18,1,0,0,0,0,0,0,1,0,1,0,0,0,0,0,0,0,1,1,1,0,0,0,0,0,0,0,1,0,0,0,0,0,0,0,0,1,0,0
19,0,0,5,0,0,0,1,0,0,1,1,0,0,0,0,0,0,1,5,1,0,0,0,2,0,0,0,1,0,0,0,0,0,0,0,0,0,0,0
20,0,0,0,0,0,0,0,1,0,1,0,0,0,1,0,0,0,1,0,2,0,0,0,2,0,0,0,1,0,0,0,1,0,0,0,0,0,0,0
21,0,0,0,0,0,0,1,1,0,1,0,0,0,0,0,0,0,1,0,3,0,0,0,0,0,0,0,1,0,0,0,0,1,0,0,2,1,0,1
22,1,0,2,0,0,0,1,2,0,2,1,0,0,1,0,0,1,1,3,1,0,0,0,1,0,0,0,2,0,0,0,0,1,0,0,0,2,0,0
23,0,0,1,0,0,0,1,0,0,1,0,0,1,1,1,0,0,1,1,2,0,0,0,2,0,1,0,1,0,0,0,1,0,0,0,0,0,1,0
24,0,0,0,0,0,0,2,1,0,1,0,0,0,0,0,0,0,1,0,0,0,0,0,1,0,0,0,1,0,0,0,0,0,0,0,0,0,0,0
25,0,0,2,0,0,0,0,0,0,1,0,0,0,0,0,0,0,1,2,2,0,1,0,3,0,2,0,1,0,0,0,0,1,1,0,0,0,2,0
26,0,0,1,0,0,0,0,1,0,1,0,0,0,0,0,0,0,1,2,0,0,0,0,0,0,0,0,1,0,0,0,0,0,0,0,0,1,0,0
27,0,0,1,0,0,0,0,1,0,0,0,0,0,0,0,0,0,1,1,0,0,0,0,2,0,0,0,0,0,0,0,0,1,0,0,0,0,0,0
28,0,0,0,0,0,0,1,0,0,0,0,0,0,0,0,0,0,1,0,2,0,0,0,2,0,0,0,1,0,0,0,0,0,0,0,1,0,0,0
29,0,0,2,0,0,0,0,2,0,1,0,0,0,1,0,0,0,1,2,0,0,1,0,1,0,0,0,1,0,0,0,1,1,0,0,0,1,0,0
30,0,0,1,0,0,0,2,1,0,0,0,0,1,0,0,0,0,1,1,5,0,0,0,6,0,4,0,2,0,0,0,0,1,0,0,0,0,4,1
31,0,0,1,0,2,0,1,3,0,2,0,0,0,1,0,0,0,1,1,0,2,0,0,3,0,1,0,2,0,0,0,0,0,0,0,0,0,1,0
32,0,1,3,0,1,0,3,3,0,1,0,0,0,1,0,0,0,1,3,0,1,0,0,5,0,2,0,4,0,0,0,0,2,1,0,1,0,2,0
33,0,0,2,0,0,0,4,0,0,2,1,0,0,0,0,0,0,1,2,1,0,0,0,1,0,1,0,2,0,0,0,0,0,0,0,0,0,1,0
34,0,0,0,0,1,0,0,3,0,0,0,0,0,0,0,0,2,1,0,2,0,0,0,2,0,0,0,1,2,0,0,0,3,0,0,2,0,0,1
35,0,0,5,0,1,0,0,3,0,0,0,0,0,1,0,0,0,1,5,1,0,0,0,3,0,1,0,1,0,0,0,1,0,0,0,1,1,1,0
36,0,0,0,0,0,0,3,2,0,1,0,0,0,1,0,0,1,1,0,1,0,0,0,1,0,0,0,2,0,0,0,2,0,0,0,0,0,0,1
37,0,0,1,0,0,0,1,0,0,0,0,0,1,0,0,0,0,1,1,2,0,0,0,2,0,0,0,1,0,0,0,0,0,0,0,0,0,0,0
38,1,0,2,0,0,0,0,3,0,1,0,0,0,2,0,1,0,1,2,2,0,0,0,2,0,1,0,2,0,0,0,1,0,0,0,0,1,1,0
39,0,0,1,0,0,0,0,1,0,1,0,0,0,0,0,0,0,1,1,1,0,0,0,2,0,0,0,1,0,0,0,0,0,0,0,0,0,0,0
40,0,0,0,0,0,0,1,0,0,0,0,0,0,0,0,0,0,1,0,0,0,0,0,0,0,1,0,2,0,0,0,1,0,0,0,0,0,1,0
41,1,0,3,0,0,0,1,1,0,1,0,0,0,0,0,0,1,1,4,0,0,1,0,1,0,0,0,1,0,0,0,0,0,0,0,0,1,0,0
42,1,0,1,0,0,0,1,1,1,0,0,0,1,0,1,0,0,1,2,3,0,0,0,3,0,0,0,2,0,0,0,0,1,0,0,0,2,0,1
43,1,0,1,0,1,0,2,2,0,1,0,0,1,1,0,0,0,1,1,1,0,0,0,3,0,0,0,2,0,0,0,0,3,0,0,1,0,0,0
44,0,0,4,0,0,0,0,1,0,2,0,0,1,0,0,0,1,1,4,1,0,0,0,4,1,0,0,2,0,0,0,1,0,0,0,0,0,0,1
45,0,0,1,0,0,0,0,1,0,1,0,0,1,1,0,0,0,1,1,1,0,0,0,1,0,0,0,1,0,0,0,1,0,0,0,1,0,0,0
46,0,0,2,0,0,0,2,1,0,3,2,0,1,3,0,0,0,1,2,1,0,0,0,2,0,1,0,3,0,0,0,2,1,0,0,0,0,1,1
47,1,0,0,0,1,0,0,2,0,0,0,0,0,2,0,0,0,1,0,0,0,0,0,0,0,1,0,0,0,0,0,0,0,0,0,0,0,1,0
48,0,0,0,0,0,0,0,1,0,0,0,0,0,1,0,0,5,2,0,0,0,0,0,0,0,3,0,1,1,0,1,0,6,0,0,0,0,2,0
49,1,0,3,0,0,0,1,3,0,1,1,0,1,1,0,0,0,1,3,2,1,0,0,1,0,2,0,2,0,0,0,0,1,0,1,0,0,2,0
50,1,0,2,0,0,0,2,2,0,1,1,0,1,3,0,0,0,1,2,1,0,0,0,5,0,1,0,5,1,0,0,1,0,0,0,1,0,1,2
51,0,0,0,0,0,0,1,0,1,2,1,0,0,1,1,0,0,1,0,1,0,0,0,1,0,1,0,0,0,0,0,0,0,0,0,0,0,1,0
52,0,0,2,0,1,0,1,0,0,1,1,0,1,1,0,0,0,1,2,1,0,0,0,2,0,0,1,3,0,0,0,1,1,0,0,0,0,0,0
53,0,0,3,0,0,0,0,0,0,1,0,0,0,1,1,0,1,1,4,2,0,0,0,2,0,0,0,1,0,0,0,1,0,0,0,0,1,0,0
54,0,0,1,0,0,0,2,2,0,0,0,0,1,2,0,0,0,1,1,0,0,0,0,2,0,2,0,4,1,0,0,1,2,0,0,0,0,2,1
55,0,0,3,0,0,0,0,0,0,1,0,0,0,0,0,0,0,1,3,3,0,0,0,4,0,0,0,1,0,0,0,1,0,0,0,0,0,0,0
56,1,0,2,0,0,0,2,1,0,0,0,0,1,2,0,0,0,1,3,0,0,0,0,2,0,0,0,2,0,0,0,0,0,0,0,0,1,0,0
57,0,0,2,0,0,0,0,0,0,0,0,0,1,1,0,0,0,1,2,1,0,0,0,3,0,0,0,1,0,0,0,1,0,0,0,0,0,0,0
58,0,0,2,0,0,0,0,2,0,0,0,0,0,0,0,0,0,1,2,1,0,0,0,2,1,0,0,0,0,0,0,0,0,0,0,0,0,0,0
59,0,0,1,0,0,0,1,0,1,1,1,0,0,0,1,0,0,1,1,3,0,0,0,1,0,2,0,0,0,0,0,0,0,0,0,0,0,2,0
60,0,0,1,0,0,0,0,1,0,1,0,0,0,0,0,0,0,1,1,1,0,0,0,3,0,0,0,1,0,0,0,0,0,0,0,0,0,0,0
61,0,0,1,0,0,0,1,1,0,0,0,0,0,0,0,0,0,1,1,2,0,0,0,1,0,0,0,1,0,0,0,0,0,0,0,0,0,0,0
62,0,0,0,1,1,0,0,2,0,0,0,0,0,2,0,0,0,1,0,0,0,1,0,2,0,0,0,1,0,0,0,1,0,0,0,0,0,0,0
63,0,0,1,0,0,0,1,0,0,0,0,0,0,1,0,0,0,1,1,0,0,0,0,1,0,0,0,1,0,0,0,2,0,0,0,0,0,0,0
64,0,0,1,0,0,0,1,1,1,0,0,0,0,0,1,0,0,1,1,0,0,0,0,2,0,0,0,1,0,0,0,0,0,0,0,1,0,0,1
65,0,0,1,0,0,0,1,1,0,0,0,0,0,0,0,0,0,1,1,0,0,0,0,1,0,0,0,1,0,0,0,0,0,0,0,0,0,0,0
66,0,0,1,0,0,0,0,1,0,0,0,0,0,1,0,0,0,1,2,0,0,0,0,1,0,1,0,1,0,0,0,0,0,0,0,0,0,1,0
67,2,0,1,0,0,0,0,1,0,0,0,0,0,0,0,0,1,1,3,0,1,0,0,2,0,0,0,2,0,0,0,0,2,0,0,0,0,0,0
68,0,0,0,0,0,1,5,1,0,0,0,0,2,0,0,0,0,1,1,0,0,0,0,2,0,2,0,3,0,0,0,0,0,0,0,0,0,2,0
69,1,0,0,0,1,0,6,2,0,2,0,0,1,2,0,0,0,1,0,1,0,0,1,3,0,1,0,3,0,0,0,0,0,0,0,0,0,1,1
70,0,0,1,0,0,0,1,0,0,1,1,0,0,1,0,0,0,1,2,1,1,0,0,2,0,1,0,1,0,0,0,0,0,0,0,0,0,1,0
71,0,0,0,0,0,0,2,1,0,2,1,0,0,1,0,0,0,1,0,0,0,0,0,0,1,0,0,1,0,0,0,0,0,0,0,1,0,0,0
72,0,0,0,0,0,0,2,1,0,1,1,0,0,0,0,0,0,1,0,1,0,0,0,0,0,0,0,0,0,0,0,0,0,0,0,0,0,0,0
73,0,0,0,0,0,0,0,1,0,0,0,0,1,0,0,0,0,1,1,1,0,0,0,1,0,0,0,1,0,0,0,0,1,0,0,0,0,0,0
74,0,0,1,0,0,0,3,2,1,0,0,0,0,1,1,0,0,1,1,0,1,0,0,2,0,0,0,1,0,0,0,1,0,0,0,0,1,0,0
75,1,0,1,0,0,0,2,3,0,2,0,0,1,1,0,0,0,1,2,0,1,1,0,1,0,1,0,3,0,0,0,0,0,0,0,0,2,1,0
76,1,0,1,0,0,0,0,0,0,1,0,0,0,1,0,0,1,1,1,0,0,0,0,1,0,0,0,1,0,0,0,2,0,0,0,0,0,0,0
77,0,0,1,0,0,0,0,1,0,0,0,0,0,0,0,0,0,1,1,3,0,0,0,2,0,0,0,1,0,0,0,0,0,0,0,0,0,0,0
78,0,0,3,0,0,0,3,1,0,2,0,0,1,0,0,0,0,1,3,1,0,0,0,0,0,1,0,2,0,0,0,0,0,0,0,0,0,1,0
79,0,0,1,0,0,0,0,0,0,0,0,0,1,0,0,0,0,1,2,3,0,0,0,3,0,0,0,1,0,0,0,0,1,0,0,0,1,0,0
80,0,0,1,0,0,0,0,1,0,1,1,0,0,1,0,0,0,1,1,0,0,0,1,0,0,0,0,1,0,0,0,1,0,0,0,0,0,0,0
81,0,0,1,0,0,0,2,0,0,0,0,0,1,0,0,0,0,1,1,0,0,0,0,2,0,0,0,1,0,0,0,0,0,0,0,0,0,0,0
82,0,0,0,0,0,0,0,1,0,0,0,0,0,1,0,0,0,1,0,1,0,0,0,1,0,0,0,1,0,0,0,1,0,0,0,0,0,0,0
83,1,1,2,0,0,0,3,3,0,1,0,0,0,1,0,0,0,1,2,2,1,0,0,3,0,0,0,3,0,0,0,0,1,0,0,0,0,0,0
84,0,0,0,0,0,0,1,1,0,1,1,0,0,0,0,0,0,1,0,0,0,0,0,2,0,0,0,1,0,0,0,0,0,0,0,0,0,0,0
85,1,0,0,0,0,0,1,0,0,1,0,0,0,1,0,0,0,1,0,1,0,0,0,1,0,1,0,2,0,0,0,0,0,0,0,0,0,1,0
86,1,0,0,0,0,0,4,0,0,1,0,0,1,3,0,0,0,1,0,0,0,0,0,0,0,1,0,2,0,0,0,1,0,0,0,0,0,1,0
87,0,0,3,0,1,0,2,1,0,0,0,0,0,1,0,1,0,1,3,1,0,0,0,0,0,0,0,0,0,0,0,1,1,0,0,0,0,0,0
88,0,0,0,0,0,0,0,1,0,1,0,0,0,1,0,0,0,1,0,2,0,0,0,2,0,0,0,1,0,0,0,1,0,0,0,0,0,0,0
89,0,0,2,0,0,0,2,0,0,0,1,0,1,0,0,0,0,1,3,2,0,0,0,2,0,1,1,1,0,0,0,0,0,1,0,0,0,1,0
90,0,0,1,0,0,0,2,1,0,3,0,0,2,0,0,0,0,1,1,1,0,0,0,2,0,0,0,3,0,0,0,0,0,0,0,0,0,0,1
91,0,0,1,0,0,0,1,1,0,0,0,0,0,1,0,0,0,1,1,1,0,0,0,2,0,0,0,1,0,0,0,1,1,0,0,0,0,0,0
92,0,0,1,0,0,0,0,0,0,0,0,0,0,0,0,0,0,1,1,0,0,0,0,1,0,0,0,0,0,0,0,0,1,0,0,0,0,0,0
93,0,0,1,0,0,0,1,1,0,0,0,0,0,1,0,0,0,1,1,1,1,0,0,2,0,0,0,1,0,0,0,1,0,0,0,0,0,0,0
94,1,0,1,0,0,0,1,2,0,1,0,0,0,2,0,0,1,1,2,1,0,0,0,2,0,0,0,1,0,0,0,0,0,0,0,0,1,0,0
95,0,0,0,0,1,0,0,1,0,0,1,0,0,3,0,0,1,1,0,1,1,0,0,0,0,0,0,3,0,0,0,0,0,0,0,0,0,1,0
96,1,0,1,0,0,0,1,2,0,3,0,0,0,2,0,1,0,1,1,1,0,1,0,2,0,0,0,2,0,0,0,1,0,0,0,0,0,0,0
97,0,0,0,0,0,0,3,1,0,2,0,0,0,1,0,0,0,1,0,0,1,0,0,2,0,1,0,2,0,0,0,0,0,0,0,0,0,1,0
98,0,0,0,0,0,0,0,1,0,0,0,0,0,0,0,0,0,1,0,0,0,0,0,0,0,0,0,1,0,0,0,0,1,0,0,0,0,0,0
99,0,0,0,0,0,0,1,0,0,0,0,0,1,0,0,0,0,1,1,0,0,0,0,0,0,0,0,1,0,0,0,0,1,0,0,0,0,0,0
100,1,0,0,0,0,0,2,3,0,1,1,0,0,1,0,0,0,1,0,0,0,0,0,2,0,0,0,2,0,0,0,0,0,0,0,0,0,0,0
101,1,0,1,0,0,0,2,1,1,0,0,0,1,2,1,0,0,1,1,0,0,0,0,0,0,0,0,1,0,0,0,1,0,0,0,0,0,0,0
102,1,0,2,0,0,0,1,1,0,1,0,0,0,2,0,0,0,1,3,0,0,0,0,2,0,0,0,2,0,0,0,2,1,0,0,0,0,0,0
103,1,0,1,0,0,1,2,2,0,0,0,0,0,1,0,0,0,1,1,1,1,0,0,2,0,0,0,3,0,0,0,0,0,0,0,0,0,0,0
104,0,0,1,0,0,0,1,0,0,0,0,0,1,0,0,0,0,1,1,2,0,0,0,2,0,0,0,1,0,0,0,0,0,0,0,0,0,0,0
105,0,0,1,0,0,0,2,1,0,0,0,0,1,1,0,0,0,1,1,1,0,0,0,2,0,0,0,2,0,0,0,1,0,0,1,0,0,0,1
106,1,0,2,0,0,0,3,2,0,0,0,0,1,3,0,0,0,1,2,1,0,0,0,1,0,0,0,2,0,0,0,2,0,0,0,0,0,0,0
107,0,0,3,0,0,0,0,0,1,0,0,0,0,0,1,0,0,1,3,2,0,0,0,2,0,0,0,0,0,0,0,0,0,0,0,0,0,0,0
108,1,0,1,0,0,0,3,2,0,0,0,0,0,1,0,0,0,1,1,1,0,0,0,2,0,1,0,2,0,0,0,0,0,0,0,0,0,1,0
109,1,0,2,0,0,0,1,3,0,1,0,0,0,1,0,1,0,1,2,0,0,0,0,3,0,1,0,3,0,0,0,0,0,0,0,0,0,1,1
110,0,0,0,0,0,0,2,1,0,1,0,0,0,0,0,0,0,1,0,2,0,0,0,2,0,0,0,1,0,0,0,0,0,0,0,0,0,0,0
111,0,0,0,0,1,1,0,1,0,0,1,0,0,0,0,0,0,1,0,0,1,0,0,0,0,0,0,2,0,0,0,0,0,0,1,0,0,0,0
112,0,0,1,0,1,0,1,1,0,0,0,0,0,1,0,0,0,1,1,0,0,0,0,1,0,1,0,1,0,0,0,1,0,0,0,0,0,1,0
113,0,0,1,0,0,0,0,0,0,1,0,0,0,0,0,0,0,1,1,0,1,0,0,0,0,0,0,2,0,0,0,0,0,0,0,0,0,0,0
114,0,0,2,0,0,0,2,2,0,0,0,0,0,0,0,0,0,1,3,2,0,0,0,4,0,1,0,1,0,0,0,0,2,0,0,0,1,1,1
115,0,0,0,0,1,0,0,1,0,0,0,0,1,0,0,0,0,1,0,3,0,0,0,2,0,0,0,1,0,0,0,0,0,0,0,0,0,0,0
116,0,0,1,0,1,0,1,1,0,0,0,0,0,1,0,0,0,1,1,1,0,0,0,2,0,1,0,1,0,0,0,1,0,0,0,1,0,1,0
117,1,0,1,0,0,0,0,1,0,1,0,0,0,0,0,0,1,1,2,0,1,0,0,1,0,0,0,3,0,0,0,0,1,0,0,0,0,0,1
118,0,0,1,0,0,0,1,0,0,0,0,0,1,0,0,0,0,1,1,1,0,0,0,1,0,0,0,0,0,0,0,0,0,0,0,0,0,0,0
119,0,0,3,0,0,0,4,0,0,0,0,0,1,1,0,0,0,1,3,1,2,0,0,3,0,1,0,2,0,0,0,1,0,0,0,0,0,1,0
120,1,0,1,0,0,0,2,2,0,0,0,0,0,2,0,0,0,1,1,1,1,0,0,1,0,0,0,3,0,0,0,1,0,0,0,1,0,0,0
121,0,0,1,0,0,0,0,0,0,0,0,0,1,0,0,0,0,1,2,1,0,0,0,2,0,0,0,1,0,0,0,0,3,0,0,0,0,0,0
122,0,0,0,0,0,1,3,1,0,2,1,0,0,0,0,0,0,1,1,2,1,0,0,2,0,1,0,3,0,0,0,0,4,0,0,0,0,1,0
123,0,0,0,0,0,0,1,1,0,1,1,0,1,2,0,0,0,1,0,0,0,0,0,1,0,0,0,1,0,0,0,2,0,0,0,0,0,0,0
124,0,0,2,0,0,0,1,1,0,1,0,0,0,1,0,0,0,1,2,1,1,0,0,1,0,0,0,1,0,0,0,0,1,0,0,0,0,0,0
125,0,0,0,0,0,0,0,1,0,0,0,0,0,0,0,0,0,1,0,0,0,0,0,1,0,0,0,1,1,0,0,1,2,0,0,1,1,0,0
126,0,0,1,0,0,0,1,0,0,0,1,0,0,0,0,0,0,1,1,1,0,0,0,0,0,0,0,1,0,0,0,0,1,0,1,0,0,0,1
127,0,0,0,0,0,0,0,0,0,0,0,0,1,0,0,0,1,1,2,0,0,0,0,1,0,1,0,1,0,0,0,0,0,0,0,0,1,1,0
128,0,0,0,0,0,0,0,1,0,1,0,0,0,1,0,0,0,1,0,0,0,0,0,0,0,0,0,1,0,0,0,1,0,0,0,0,0,0,0
129,1,0,0,0,1,0,1,2,0,1,0,0,1,1,0,0,0,1,0,0,0,0,0,2,0,0,0,3,0,0,0,0,0,0,0,1,0,0,1
130,1,0,4,0,0,0,1,1,0,0,0,0,1,1,0,0,0,1,5,2,0,0,0,3,0,3,0,1,0,0,0,0,1,0,0,0,0,3,0
131,1,0,0,0,0,0,0,3,0,3,0,0,0,1,0,0,0,1,0,0,1,1,0,2,0,0,0,6,0,0,0,1,0,0,0,1,1,0,2
132,0,0,2,0,1,0,4,2,0,1,1,1,0,1,0,0,0,1,2,0,0,0,0,0,0,0,0,1,0,0,0,0,0,0,0,0,2,1,0
133,0,0,0,0,0,0,1,3,0,3,0,0,0,1,0,0,0,1,0,3,2,0,0,4,0,2,0,4,0,0,0,1,1,0,0,1,0,2,0
134,0,0,0,0,0,0,5,1,0,1,0,0,1,1,0,0,0,1,0,1,0,0,0,0,0,2,0,1,0,0,0,1,1,0,0,0,1,2,0
135,0,0,0,0,0,0,0,2,0,0,0,0,0,1,0,0,0,1,0,0,1,0,0,3,0,1,0,2,0,0,0,1,0,0,0,0,0,1,0
136,0,0,1,0,0,0,0,0,0,0,0,0,1,0,0,0,0,1,1,1,0,0,0,1,0,0,0,2,0,0,0,1,0,0,0,0,0,0,1
137,0,0,1,0,0,0,0,1,0,1,0,0,0,0,0,0,0,1,2,0,0,0,0,0,0,0,0,1,0,0,0,0,0,0,0,0,1,0,0
138,0,0,1,0,0,0,2,2,0,1,0,0,0,1,0,1,0,1,1,0,1,0,0,3,0,0,0,2,0,0,0,1,0,0,0,0,0,0,0
139,0,0,0,0,0,0,2,0,1,2,1,0,0,3,1,0,0,1,0,0,1,0,0,0,0,0,0,1,0,0,0,2,0,0,0,0,0,0,0
140,2,0,1,0,0,0,1,3,0,1,0,0,0,3,0,0,0,1,1,0,0,0,0,1,0,0,0,1,0,0,0,1,0,0,0,0,0,0,0
141,0,0,1,0,0,0,0,1,0,0,0,0,0,1,0,0,0,1,1,0,0,0,0,0,0,0,0,1,1,0,0,1,0,0,0,0,0,0,0
142,1,0,0,0,0,0,0,2,0,0,0,0,0,1,0,0,0,1,0,0,0,0,0,0,0,0,0,1,1,0,0,0,0,0,0,0,1,0,0
143,1,0,0,0,0,0,2,2,0,2,1,0,2,3,1,0,0,1,0,1,0,0,0,1,1,0,0,3,0,0,0,2,0,0,0,0,0,0,0
144,0,0,3,0,0,0,0,0,1,0,0,0,0,0,1,0,2,1,4,3,0,0,0,1,0,0,0,0,0,0,0,0,0,0,0,0,1,0,0
145,0,0,1,0,0,0,2,0,0,1,0,0,1,0,0,0,0,1,1,0,1,0,0,0,0,0,0,2,0,0,0,0,0,0,0,0,0,0,0
146,0,0,1,0,1,0,2,0,0,0,0,0,0,1,0,0,0,1,1,2,0,1,0,1,0,0,1,1,0,0,0,0,0,0,1,0,1,0,0
147,0,0,0,0,0,0,1,1,0,0,0,0,0,0,0,0,6,1,0,1,0,0,0,0,0,0,0,2,0,1,1,0,0,0,0,0,0,0,0
148,0,0,1,0,0,0,0,2,0,0,0,0,0,0,0,0,0,1,1,2,0,0,0,1,0,0,0,1,0,0,0,0,1,0,0,0,1,0,0
149,0,0,0,0,1,0,0,2,0,1,0,0,0,1,0,0,0,1,0,1,1,0,0,1,0,0,0,2,1,0,0,1,0,0,0,1,0,0,0
150,1,0,0,0,0,0,3,2,0,2,0,0,0,2,0,0,0,1,0,0,1,0,0,0,0,1,0,3,2,0,0,0,0,0,0,0,0,1,0
151,0,0,1,0,0,0,1,1,0,2,0,0,0,1,0,1,0,1,1,0,0,0,0,0,0,1,0,2,0,0,0,1,0,0,0,0,0,1,0
152,0,0,0,0,0,0,1,1,0,0,0,0,0,0,0,0,0,1,0,0,0,0,0,0,0,0,0,1,0,0,0,0,0,0,0,0,0,0,0
153,0,0,0,0,0,0,2,2,0,2,0,0,0,1,0,0,0,1,0,1,0,0,0,2,0,1,0,2,0,0,0,1,0,0,0,0,0,1,0
154,0,0,0,0,0,0,1,1,0,0,0,0,0,0,0,0,0,1,0,1,0,0,0,1,0,0,0,1,0,0,0,0,0,0,0,0,0,0,0
155,0,0,0,0,0,0,1,0,0,1,0,0,1,1,0,0,0,1,0,0,0,0,0,1,0,0,0,0,0,0,0,1,0,0,1,0,0,0,0
156,0,0,0,0,0,0,0,1,0,1,0,0,0,0,0,0,0,1,0,0,0,0,0,0,0,0,0,1,0,0,0,1,0,0,0,0,0,0,0
157,0,0,0,0,1,0,1,1,0,1,0,0,0,1,0,0,0,1,0,2,0,0,0,2,0,1,1,2,0,0,0,0,0,0,1,0,0,1,0
158,0,0,0,0,0,0,0,1,0,0,0,0,0,0,0,0,0,1,0,0,1,0,0,1,0,0,0,1,0,0,0,1,0,0,0,0,0,0,0
159,1,0,0,0,0,0,2,0,0,0,0,0,0,1,0,0,0,1,0,0,2,1,0,2,0,0,0,3,0,0,0,0,1,0,0,0,0,0,0
160,1,0,0,0,0,0,1,1,0,0,0,0,0,1,0,0,0,1,0,0,1,0,0,0,0,0,0,3,0,0,0,1,0,0,0,0,1,0,0
161,1,0,0,0,0,0,2,2,0,1,0,0,0,1,0,0,0,1,0,0,0,1,0,0,0,0,0,1,0,0,0,0,0,0,0,0,1,0,0
162,0,0,1,0,1,0,1,4,0,1,1,0,1,1,0,0,0,1,1,0,1,0,0,0,0,0,0,3,1,0,0,0,0,0,0,0,1,0,1
163,0,0,0,0,0,0,1,1,0,1,0,0,1,0,0,0,0,1,0,2,1,1,0,3,0,1,0,2,0,0,0,0,0,0,0,0,0,1,0
164,0,0,0,0,0,0,2,1,0,0,0,0,0,1,0,0,0,1,0,0,1,0,0,0,0,0,0,2,0,0,0,1,0,0,0,0,0,0,0
165,0,0,2,0,0,0,0,1,0,1,0,0,0,0,0,0,2,1,2,0,0,0,0,1,0,0,0,2,0,0,0,0,0,0,0,1,1,0,0
166,0,0,2,0,1,0,0,2,0,0,0,0,0,2,0,0,0,1,2,0,0,0,0,3,0,1,0,1,0,0,0,1,1,0,0,0,0,1,0
167,0,0,0,0,0,0,0,1,0,1,0,0,0,0,0,0,0,1,0,0,0,0,0,2,0,0,0,2,0,0,0,1,1,0,0,0,0,0,1
168,1,0,1,0,0,0,0,3,0,2,0,0,0,2,0,0,0,1,1,0,0,0,0,0,0,0,0,3,0,0,0,1,0,0,0,0,0,0,1
169,0,0,0,0,0,0,1,2,0,1,0,0,0,1,0,0,0,1,0,1,0,0,0,1,0,1,0,2,0,0,0,1,0,0,0,0,0,1,0
170,0,0,0,1,0,0,0,0,0,0,0,0,0,0,0,0,0,1,0,0,1,0,0,0,0,0,0,1,0,0,0,0,2,0,0,2,0,0,1
171,0,0,0,0,0,0,4,0,0,0,0,0,0,0,0,0,0,1,0,0,0,0,0,1,0,1,0,2,0,0,0,0,0,0,0,0,0,1,0
172,0,0,2,0,0,0,1,1,0,0,0,0,0,0,0,0,0,1,2,0,0,0,0,2,0,0,0,0,0,0,0,0,0,0,0,0,0,0,0
173,0,0,0,0,0,0,1,1,0,1,0,0,0,0,0,1,0,1,0,0,0,0,0,1,0,0,0,1,0,0,0,0,0,0,0,1,0,0,0
174,0,0,0,0,0,0,0,2,0,1,0,0,1,2,0,0,0,1,1,1,1,0,0,0,0,0,0,4,0,0,0,1,1,0,0,1,1,0,0
175,0,0,1,0,1,0,0,0,0,0,0,0,0,1,0,0,0,1,1,0,0,0,0,1,0,0,0,1,0,0,0,0,0,0,1,0,0,0,0
176,0,0,1,0,0,0,2,1,0,1,0,0,0,1,0,0,0,1,1,1,1,0,0,1,0,1,0,1,0,0,0,0,0,0,0,0,0,1,0
177,1,0,0,0,0,0,0,1,0,0,0,0,1,1,0,0,0,1,0,0,0,0,0,0,0,0,0,2,0,0,0,0,0,0,0,0,1,0,0
178,1,0,0,0,0,0,0,1,0,0,0,0,1,1,0,0,0,1,1,1,0,0,0,0,0,0,0,2,0,0,0,0,0,0,0,0,0,0,0
179,2,0,2,0,0,0,0,0,0,1,0,0,2,2,0,0,0,1,2,0,0,0,0,3,0,0,0,3,0,0,0,0,1,0,0,0,0,0,0
180,0,0,1,0,0,0,2,2,0,0,0,0,2,1,0,0,1,1,1,0,2,0,0,1,0,0,0,4,0,0,0,1,0,0,0,2,1,0,0
181,0,0,2,0,1,0,1,2,0,0,0,0,2,2,0,0,0,1,2,1,0,1,0,2,0,1,0,3,0,0,0,1,0,0,1,1,0,1,0
182,1,0,1,0,1,0,0,1,0,1,0,0,0,1,0,0,0,1,1,0,0,0,0,2,0,0,0,2,0,0,0,0,1,0,0,0,0,0,0
183,0,0,1,0,0,0,0,0,0,0,0,0,1,0,0,0,0,1,1,1,0,0,0,1,0,0,0,1,0,0,0,0,0,0,0,0,0,0,0
184,0,0,1,0,0,0,1,1,0,2,1,0,0,0,0,0,0,1,1,0,0,0,0,3,0,1,0,4,0,0,0,1,0,0,0,0,0,1,1
185,0,0,1,0,0,0,0,0,0,0,0,0,1,0,0,0,0,1,1,1,0,0,0,1,0,0,0,1,0,0,0,0,1,0,0,0,1,0,0
186,0,0,1,0,0,0,2,1,0,0,0,0,1,1,0,0,0,1,1,0,0,1,0,0,0,2,0,1,0,0,0,1,0,0,0,1,0,2,0
187,0,0,0,0,0,0,2,0,0,0,0,0,0,0,0,0,1,1,0,2,0,0,0,1,0,1,0,2,0,0,0,2,0,0,0,0,0,1,0
188,1,0,1,0,0,0,3,1,0,1,1,0,0,1,0,0,0,1,1,1,0,0,0,0,0,0,0,2,0,0,0,0,0,0,1,0,0,0,0
189,0,0,1,0,1,0,1,1,0,0,0,0,0,1,0,0,0,1,1,1,0,0,0,0,0,0,0,1,0,0,0,0,0,0,0,0,1,0,0
190,0,0,0,0,0,0,0,1,0,1,0,0,0,0,0,0,0,1,0,1,0,0,1,1,0,0,0,1,0,0,0,0,0,0,0,0,0,0,0
191,1,0,0,0,0,0,3,1,0,2,0,0,0,2,0,0,0,1,0,0,0,1,0,1,0,0,0,2,0,0,0,1,0,0,0,0,0,0,0
192,1,0,2,0,0,0,2,1,0,1,0,0,1,5,0,0,0,1,3,0,0,1,0,3,0,0,0,3,0,0,0,3,0,0,0,2,0,0,0
193,0,0,0,0,0,0,0,0,0,1,0,0,1,0,0,0,2,2,0,2,0,0,0,1,0,0,0,1,0,0,0,0,2,0,0,0,0,0,0
194,0,0,0,0,1,0,0,3,0,0,0,0,2,1,0,0,0,1,0,0,3,0,0,0,0,0,0,3,0,0,0,1,0,0,0,0,0,0,1
195,1,0,1,0,0,0,3,2,0,0,0,0,0,1,0,0,0,1,1,0,0,1,0,0,0,1,0,2,1,0,0,0,0,0,0,0,0,1,0
196,0,0,0,0,0,1,1,3,0,2,1,1,0,2,0,0,0,1,0,0,2,0,0,1,0,0,0,2,0,0,0,1,0,0,0,0,0,0,0
197,1,0,0,0,0,0,1,2,0,1,0,0,0,2,0,0,0,1,0,0,0,0,0,0,0,1,0,2,0,0,0,1,0,0,0,0,0,1,0
198,0,0,1,0,0,0,0,1,0,0,0,0,0,0,0,0,0,1,1,0,0,0,0,1,0,0,0,0,0,0,0,0,0,0,0,0,0,0,0
199,1,0,0,0,0,0,0,1,0,2,0,0,0,2,0,0,0,1,0,0,1,0,0,0,0,0,0,3,0,0,0,1,0,0,0,0,0,0,0
200,0,0,0,0,0,0,1,1,0,0,0,0,0,0,0,0,0,1,0,0,0,0,0,1,0,0,1,0,0,0,0,0,0,0,0,0,0,0,0
201,0,0,0,0,0,0,0,1,0,0,0,0,3,0,0,0,0,1,0,2,0,0,0,2,0,1,0,3,0,0,0,0,0,0,0,1,0,1,0
202,0,0,2,0,0,0,0,0,0,2,1,0,0,1,0,0,0,1,3,1,1,0,0,1,0,0,0,2,0,0,0,1,0,0,0,0,0,0,0
203,0,0,0,0,0,0,0,1,0,0,0,0,0,0,0,0,0,1,0,0,0,0,0,0,0,0,0,1,0,0,0,0,0,0,0,0,1,0,0
204,1,0,1,0,0,0,1,2,0,0,0,0,0,1,0,0,0,1,1,2,0,0,0,0,0,0,0,0,0,0,0,0,0,0,0,0,0,0,0
205,0,0,0,0,0,0,0,1,0,0,0,0,0,0,0,0,0,1,0,0,1,0,0,1,0,0,1,3,0,0,0,0,1,0,0,0,0,0,0
206,0,0,0,0,0,0,2,1,0,1,0,0,0,0,0,0,0,1,0,0,0,0,0,1,0,0,0,1,0,0,0,0,0,0,0,0,0,0,0
207,0,0,0,0,0,0,3,0,0,0,0,0,1,0,0,0,0,1,0,0,1,0,0,1,0,0,0,2,0,0,0,0,0,0,0,0,0,0,0
208,1,0,1,0,0,0,1,3,0,0,0,0,0,2,0,0,0,1,1,0,0,0,0,3,0,1,0,2,1,0,0,1,0,0,0,0,0,1,0
209,0,0,1,0,0,0,3,0,1,1,0,0,1,1,1,0,0,1,1,0,1,0,0,1,0,2,0,1,0,0,0,0,0,0,0,0,0,2,0
210,0,0,1,0,1,0,2,2,0,1,0,0,0,1,0,0,0,1,1,2,1,0,0,1,0,0,0,2,0,0,0,0,0,0,0,2,0,0,0
211,1,1,1,0,0,0,11,5,0,5,0,0,1,2,0,1,0,1,1,0,2,0,0,5,0,2,0,6,0,0,0,1,2,0,0,1,0,2,0
212,0,0,0,0,0,0,1,1,0,0,0,0,0,0,0,0,0,1,1,2,0,0,0,3,0,0,0,1,0,0,0,0,0,0,0,1,1,0,0
213,0,0,2,0,0,0,1,1,0,1,0,0,0,0,0,0,0,1,3,2,0,0,0,1,0,1,0,1,0,0,0,0,0,0,0,0,0,1,0
214,0,0,1,0,0,0,0,1,0,0,0,0,1,0,0,0,0,1,1,1,0,0,0,2,0,1,0,1,0,0,0,0,1,0,0,0,0,1,0
215,0,0,1,0,0,0,0,0,0,0,0,0,0,0,0,0,2,1,1,1,0,0,0,2,0,0,0,0,0,0,0,0,2,0,0,2,0,0,0
216,0,0,0,0,0,0,0,1,0,2,0,0,0,0,0,0,0,1,0,0,2,0,0,0,0,0,0,3,0,0,0,0,0,0,0,0,0,0,0
217,0,0,0,0,0,0,2,1,0,1,0,0,1,0,0,0,0,1,0,1,0,0,0,1,0,1,0,1,0,0,0,0,0,0,0,0,0,1,0
218,0,0,1,0,0,0,0,0,1,1,0,0,0,0,1,0,0,1,1,0,0,0,0,0,0,0,0,0,0,0,0,0,0,0,0,0,0,0,0
219,0,0,0,0,0,0,2,1,0,0,0,0,3,1,0,0,0,1,0,0,1,0,0,1,0,1,0,3,0,0,0,0,1,0,0,0,0,1,0
220,0,0,0,0,0,0,1,1,0,0,0,0,0,0,0,0,0,1,0,1,0,0,0,0,0,0,0,1,0,0,0,2,0,1,0,0,2,0,1
221,0,0,0,0,0,0,1,1,0,1,0,0,0,0,0,0,0,1,0,1,0,0,0,0,0,0,0,1,0,0,0,0,0,0,0,0,1,0,0
222,1,0,1,0,0,0,0,3,0,1,0,0,0,2,0,0,0,1,1,1,0,0,0,2,0,0,0,3,0,0,0,2,0,0,0,0,0,0,1
223,0,0,2,0,0,0,1,0,0,1,0,0,0,0,0,0,0,1,2,0,0,0,0,1,0,0,0,1,0,0,0,1,0,0,0,0,0,0,1
224,1,0,2,0,0,0,0,1,0,0,0,0,0,1,0,0,0,1,2,0,0,0,1,1,0,0,0,1,1,0,0,1,0,0,0,0,0,0,0
225,0,0,1,0,0,0,0,1,0,1,0,0,1,0,0,0,0,1,2,0,0,0,0,2,0,0,0,2,0,0,0,0,0,0,0,0,1,0,1
226,0,0,3,0,0,0,4,2,0,2,3,0,0,0,0,0,0,1,2,0,1,0,0,1,0,0,0,4,0,0,0,0,0,0,0,0,0,0,1
227,1,0,0,0,0,0,0,2,0,1,0,0,0,2,0,0,0,1,0,0,0,0,0,1,0,0,0,1,1,0,0,1,0,0,0,0,0,0,0
228,0,0,1,0,0,0,3,1,0,0,0,0,2,1,0,1,0,1,2,1,1,1,0,1,0,0,0,3,0,0,0,1,0,0,0,0,0,0,1
229,0,0,0,0,1,0,1,2,0,0,0,0,0,0,0,0,0,1,0,0,0,0,0,3,0,0,0,1,0,0,0,0,2,0,0,0,0,0,0
230,0,0,0,0,0,0,0,1,1,1,0,0,0,0,1,0,0,1,0,0,0,0,0,1,0,1,0,0,0,0,0,0,0,0,0,0,1,1,0
231,0,0,0,0,0,0,0,0,0,1,0,0,0,0,0,0,0,1,0,0,0,0,0,0,0,1,0,3,0,0,0,1,0,0,0,1,0,1,0
232,0,1,0,0,0,0,0,2,0,2,0,0,0,0,0,0,0,1,0,2,1,0,0,2,0,1,0,3,1,0,0,0,2,0,0,0,0,1,0
233,0,0,1,0,0,0,0,3,0,1,0,0,0,0,0,0,0,1,1,1,0,0,0,3,0,2,0,1,0,0,0,0,1,0,0,1,1,2,0
234,0,0,2,0,0,0,2,1,0,0,0,0,0,0,0,0,0,1,2,0,0,0,0,1,0,0,0,1,0,0,0,0,3,0,0,0,0,0,0
235,1,0,2,0,2,0,1,3,0,0,0,0,0,1,0,0,0,1,2,1,1,1,0,3,0,0,0,2,0,0,0,0,2,0,0,0,0,0,0
236,0,0,1,0,0,0,0,1,0,1,0,0,0,0,0,0,0,1,1,0,0,0,0,1,0,0,0,1,0,0,0,0,0,0,0,0,0,0,0
237,0,0,1,0,0,0,1,1,0,1,0,0,0,0,0,0,0,1,1,0,0,0,0,1,0,1,0,1,0,0,0,0,0,0,0,0,0,1,0
238,1,0,0,0,0,0,0,1,0,1,0,0,2,2,0,0,0,1,0,1,0,0,0,0,0,0,0,3,0,0,0,0,1,0,0,1,1,0,0
239,0,0,1,0,1,0,1,1,0,1,0,0,0,1,0,0,0,1,1,0,0,0,0,2,0,0,0,1,0,0,0,1,0,0,0,0,0,0,0
240,0,0,1,0,0,0,0,0,1,1,0,0,0,1,0,0,0,1,1,0,0,0,0,0,0,0,0,0,0,0,0,0,0,0,0,1,0,0,0
241,0,0,2,0,1,0,1,2,0,0,0,0,0,0,0,0,0,1,2,1,1,0,0,3,0,0,0,1,0,0,0,0,0,0,0,0,0,0,0
242,1,0,0,0,0,0,2,1,0,2,0,0,0,2,0,0,0,1,0,0,0,1,0,0,0,0,0,3,0,0,0,1,0,0,0,1,0,0,0
243,0,0,0,0,0,0,1,0,0,0,0,0,0,0,0,0,0,1,1,2,0,0,0,1,0,0,0,0,1,0,0,0,1,0,0,0,0,0,0
244,0,0,4,0,1,0,0,2,1,1,1,0,0,1,1,0,0,1,4,2,0,0,0,2,0,1,0,1,0,0,0,0,1,0,0,0,0,1,0
245,1,0,0,0,0,0,2,1,0,1,0,0,1,1,0,0,0,1,1,2,1,1,0,0,0,0,0,2,0,0,0,1,0,0,0,0,1,0,0
246,0,0,1,0,0,0,1,0,0,0,0,0,0,0,0,0,0,1,1,1,0,0,0,1,0,0,1,0,0,0,0,0,1,0,0,0,0,0,0
247,0,0,2,1,0,0,2,1,0,0,0,0,0,0,0,0,0,1,2,1,0,0,0,1,0,0,0,1,1,0,0,0,0,0,0,0,0,0,1
248,1,0,0,0,0,0,0,2,0,1,0,0,0,1,0,0,0,1,0,0,0,0,0,0,0,0,0,1,0,0,0,0,0,0,0,0,0,0,0
249,0,0,0,0,0,0,2,0,0,0,0,0,2,0,0,0,2,1,0,0,1,0,0,1,0,0,0,3,1,0,0,0,1,0,0,0,0,0,1
250,0,0,2,0,0,0,0,1,0,1,0,0,1,0,0,0,0,1,3,1,0,0,1,3,0,1,0,1,0,0,0,0,0,0,0,1,1,1,0
251,0,0,0,0,0,0,0,1,0,0,0,0,0,0,0,0,0,1,1,2,0,0,0,1,0,0,0,1,0,0,0,0,0,0,0,0,0,0,0
252,0,0,0,0,0,0,0,2,0,0,0,0,0,0,0,0,0,1,0,3,0,0,0,3,0,0,0,1,0,0,0,0,1,0,0,2,0,0,0
253,0,0,0,0,0,0,2,2,0,2,0,0,0,0,0,0,0,1,0,0,1,0,0,1,0,0,0,2,0,0,0,1,0,0,0,0,0,0,0
254,0,0,2,0,0,0,2,1,0,0,0,0,0,0,0,0,0,1,2,1,0,0,0,1,0,0,0,3,0,0,0,0,0,0,0,2,0,0,1
255,0,1,1,0,0,0,6,1,0,1,0,0,1,1,0,0,0,1,1,0,0,0,0,1,0,0,0,3,0,0,0,1,0,0,0,0,0,0,0
256,1,0,0,0,0,0,5,2,0,4,1,0,2,1,0,0,1,1,0,0,2,0,0,0,0,1,0,6,0,0,0,1,1,0,0,1,0,1,0
257,0,0,2,0,0,0,1,0,0,0,0,0,1,0,0,0,0,1,2,0,0,0,0,1,0,1,0,1,0,0,0,0,1,0,0,0,0,1,0
258,1,0,1,0,0,0,1,1,0,1,1,0,1,1,0,0,0,1,1,0,0,1,0,0,0,0,0,2,0,0,0,1,0,0,0,1,0,0,0
259,0,0,0,0,0,0,0,1,0,1,0,0,0,1,0,0,0,1,0,0,0,0,0,1,0,0,0,1,0,0,0,1,0,0,0,0,0,0,0
260,0,0,0,0,0,0,0,2,0,1,1,0,0,2,0,0,0,1,0,0,0,0,0,1,0,0,0,2,0,0,0,3,0,0,0,0,0,0,1
261,0,0,1,0,0,0,2,1,0,1,0,0,0,0,0,0,0,1,1,0,1,0,0,1,0,0,0,2,0,0,0,0,0,0,0,0,0,0,0
262,0,0,1,0,1,0,1,0,0,1,1,0,2,1,0,0,0,1,1,0,1,0,0,1,0,1,0,3,0,0,0,1,0,0,0,0,0,1,0
263,0,0,1,0,0,0,1,1,0,0,0,0,0,0,0,0,0,1,1,1,0,0,0,0,0,1,0,1,0,0,0,0,0,0,0,0,2,1,0
264,1,0,2,0,0,0,3,1,0,1,1,0,0,1,0,0,0,1,2,1,1,0,0,2,0,0,0,3,0,0,0,0,0,0,0,0,0,0,0
265,0,0,2,0,0,0,0,0,0,0,0,0,1,0,0,0,0,1,2,0,0,0,0,0,0,0,0,1,0,0,0,0,0,0,0,1,0,0,0
266,0,0,1,0,0,0,0,0,0,1,0,0,0,0,0,0,0,1,1,0,2,0,0,0,0,0,0,2,0,0,0,1,0,0,0,0,0,0,0
267,0,0,2,0,0,0,2,0,0,0,0,0,0,1,1,0,0,1,3,1,0,0,0,1,0,0,0,1,1,0,0,2,1,0,0,0,0,0,0
268,0,0,0,0,0,0,0,1,0,1,0,0,0,0,0,0,0,1,0,0,0,0,0,1,0,0,0,1,0,0,0,0,0,0,0,0,0,0,1
269,2,0,0,0,1,0,0,3,0,0,0,0,0,4,0,0,0,1,0,1,1,0,0,1,0,0,0,0,1,0,0,1,0,0,0,0,0,0,0
270,0,0,0,0,0,0,1,1,0,2,0,0,0,0,0,0,0,1,0,0,0,0,0,1,0,1,1,2,0,0,0,0,0,0,0,0,1,1,1
271,0,0,2,0,0,0,1,0,1,1,0,0,0,0,1,0,0,1,2,1,0,0,0,0,0,0,0,0,0,0,0,0,0,0,0,0,0,0,0
272,1,0,1,0,0,0,4,1,0,1,0,0,1,1,0,0,1,1,1,1,0,0,0,2,0,1,0,2,0,0,0,0,0,0,0,0,0,1,0
273,0,0,2,0,0,0,1,2,0,0,0,0,0,1,0,0,1,1,2,1,0,0,0,2,0,1,0,1,0,0,0,1,2,0,0,0,1,1,0
274,0,0,0,0,0,0,0,1,0,1,0,0,0,0,0,0,0,1,0,0,0,0,0,0,0,1,0,1,0,0,0,0,0,1,0,0,0,1,0
275,0,0,0,0,1,0,2,2,0,0,0,0,0,0,0,0,0,1,0,0,0,0,0,1,0,0,0,1,0,0,0,0,2,0,0,0,0,0,0
276,0,0,1,0,0,0,0,1,0,0,0,0,0,0,0,0,0,1,2,0,0,0,0,2,0,0,0,0,0,0,0,0,0,0,0,0,0,0,0
277,0,0,0,0,0,0,0,1,0,0,0,0,0,1,0,0,0,1,0,0,0,0,0,0,0,0,0,1,0,0,0,0,0,0,0,0,0,0,0
278,1,0,1,0,0,0,3,0,0,0,0,0,1,1,0,0,0,1,1,0,0,0,0,0,0,0,0,2,0,0,0,1,0,0,0,0,0,0,0
279,1,0,1,0,1,0,3,1,0,0,1,0,1,3,0,0,0,1,3,0,1,0,0,1,0,0,0,2,0,0,0,0,1,0,1,1,0,0,0
280,0,0,0,0,0,0,0,0,0,0,0,0,0,0,0,0,0,1,1,0,0,0,0,2,0,1,0,0,1,0,0,0,1,0,0,1,0,1,0
281,0,0,2,0,0,0,1,1,0,0,0,0,0,0,0,0,1,1,2,1,0,0,0,2,0,1,0,1,0,0,0,0,0,0,0,0,0,1,0
282,0,0,2,0,0,0,1,1,0,0,0,0,1,1,0,0,0,1,2,1,0,0,0,2,0,0,0,1,0,0,0,1,0,0,0,0,0,0,0
283,0,0,0,0,1,0,0,1,0,0,0,0,0,1,0,0,0,1,0,2,0,0,0,0,0,0,0,0,0,0,0,0,0,0,0,0,0,0,0
284,0,0,2,0,1,0,1,3,0,0,0,0,0,0,0,0,0,1,2,0,0,0,0,2,0,0,0,1,0,0,0,0,1,0,0,4,2,0,1
285,2,0,0,0,1,0,3,5,0,1,0,0,0,4,0,0,1,1,1,0,0,1,0,1,0,1,0,3,0,0,0,2,0,0,0,1,0,1,1
286,1,0,0,0,0,0,2,1,0,0,0,0,1,3,0,0,0,1,0,0,1,1,0,2,0,0,0,3,0,0,0,1,0,0,0,0,0,0,0
287,1,0,1,0,0,0,0,2,0,1,0,0,0,1,0,0,0,1,1,1,0,0,0,1,0,0,0,1,0,0,0,0,0,0,0,0,1,0,0
288,0,0,1,0,0,0,0,1,0,1,0,0,0,0,0,0,0,1,1,1,1,0,0,2,0,1,0,2,0,0,0,0,1,0,0,1,0,1,0
289,2,0,2,0,0,0,1,1,0,1,1,0,0,3,0,0,0,1,2,1,0,0,0,3,0,0,0,3,0,0,0,0,0,0,0,0,0,0,0
290,0,0,4,0,1,0,1,2,0,0,0,0,0,0,0,0,0,1,4,2,0,0,0,3,0,0,0,0,0,0,0,0,0,0,0,0,0,0,0
291,1,0,1,0,0,0,1,1,0,0,0,0,1,1,0,0,1,1,2,1,0,0,0,2,0,0,0,1,0,0,0,1,0,0,0,0,0,0,0
292,1,0,3,0,0,0,0,1,0,0,0,0,0,0,0,0,1,1,3,7,0,0,0,1,0,0,0,2,1,0,0,0,3,0,0,0,1,0,0
293,0,0,1,0,1,0,2,2,0,0,0,1,0,0,0,0,1,1,1,1,0,0,0,0,0,0,0,2,0,0,0,0,1,0,0,1,2,0,0
294,0,0,1,0,0,0,0,0,0,1,0,0,0,1,0,0,0,1,1,1,0,0,0,0,0,0,0,1,0,0,0,0,0,0,0,0,0,0,0
295,0,0,1,0,0,0,2,1,1,1,0,0,1,0,1,0,0,1,2,0,0,0,0,3,0,2,0,2,0,0,0,0,1,0,0,0,1,2,0
296,0,0,2,1,0,0,2,0,0,0,0,0,3,0,0,0,0,1,3,0,0,0,0,3,1,0,0,2,0,0,0,0,2,0,0,0,0,0,1
297,0,0,2,0,0,0,1,1,0,1,0,0,0,0,0,0,0,1,3,2,0,0,0,1,0,0,0,1,0,0,0,0,0,0,0,0,1,0,0
298,0,0,2,0,0,0,0,1,0,1,0,0,0,0,0,0,0,1,2,0,1,0,0,3,0,0,0,3,0,0,0,0,0,0,0,0,0,0,1
299,0,0,2,0,0,0,2,0,0,3,2,0,1,3,0,0,0,1,2,1,0,0,0,1,0,1,0,3,0,0,0,2,0,0,0,0,0,1,1
300,0,0,1,0,0,0,1,0,0,1,0,0,1,0,0,0,0,1,1,1,0,0,0,1,0,0,0,1,0,0,0,0,0,0,0,0,0,0,0
301,1,0,1,0,0,0,2,2,0,1,1,0,2,2,0,0,0,1,2,1,1,0,0,3,2,1,0,3,0,0,0,0,0,0,0,0,1,1,0
302,0,0,0,0,0,0,0,0,0,0,0,0,0,0,0,0,3,1,0,0,0,0,0,0,0,0,0,0,0,0,0,0,2,0,0,2,0,0,0
303,0,0,0,0,0,0,0,1,0,1,0,0,0,0,0,0,3,1,0,0,0,0,0,2,0,0,0,3,0,0,0,1,3,0,0,0,0,0,1
304,0,0,1,0,1,0,1,1,0,1,0,0,0,0,0,0,4,1,1,3,0,1,0,0,0,0,0,1,0,0,0,0,0,0,0,1,0,0,1
305,1,0,0,0,0,1,1,1,0,0,0,0,0,0,0,0,1,1,0,2,0,0,0,0,0,1,0,3,0,0,0,0,2,0,1,2,0,1,0
306,0,0,0,0,0,0,1,0,0,0,1,0,1,0,0,1,4,1,0,0,0,0,0,1,0,0,0,1,0,0,0,0,2,0,0,1,0,0,0
307,0,1,1,0,0,0,1,0,0,0,1,0,2,0,0,1,3,1,1,0,0,0,0,3,0,2,0,2,0,0,0,0,3,0,0,0,1,2,0
308,0,0,2,0,0,0,1,1,1,1,0,0,0,0,1,0,6,2,2,1,0,0,0,2,0,0,0,1,0,0,0,0,3,0,1,1,0,0,1
309,0,0,0,0,0,0,0,0,0,0,0,0,1,0,0,0,2,1,0,1,0,0,0,0,0,0,0,1,0,0,0,0,3,0,0,1,0,0,0
310,0,1,0,0,0,0,0,0,1,0,0,0,1,1,1,0,5,2,0,0,0,0,0,0,0,0,0,1,0,0,0,1,0,0,0,2,0,0,0
311,0,0,0,0,0,0,1,2,0,0,1,0,0,0,0,0,4,1,0,1,1,0,0,1,0,0,0,3,0,0,0,1,1,0,0,2,1,0,2
312,0,0,0,0,0,0,1,2,0,1,0,0,0,0,0,1,4,1,0,2,0,0,0,2,0,0,0,1,0,0,0,0,0,0,0,1,0,0,1
313,0,1,0,0,0,0,0,1,0,0,0,0,0,0,0,0,2,1,0,1,0,0,0,0,0,0,0,1,1,0,0,0,3,0,0,0,0,0,0
314,0,0,2,0,0,1,1,0,0,1,1,0,0,0,0,0,4,1,3,0,2,0,0,2,0,0,0,2,0,0,0,0,4,0,0,1,1,0,2
315,0,0,3,0,0,0,0,1,0,0,0,0,0,0,0,0,4,1,3,1,0,0,0,4,0,0,0,3,0,0,0,0,0,0,0,3,0,0,1
316,0,0,0,0,0,1,1,2,0,1,0,0,0,0,0,0,3,4,0,0,1,0,0,0,0,0,0,2,0,0,0,0,1,0,0,1,0,0,0
317,0,1,3,0,0,1,0,1,0,1,0,1,0,2,0,0,2,1,3,2,0,0,1,4,0,0,1,2,0,0,0,2,1,0,0,1,1,0,1
318,0,1,1,0,0,1,1,2,0,0,0,0,0,0,0,0,3,1,1,1,0,0,0,1,0,0,0,0,1,0,0,0,8,0,0,3,2,0,0
319,0,0,2,0,0,1,0,1,0,0,1,0,1,1,0,0,6,4,2,0,1,1,0,5,0,1,0,2,1,0,0,0,2,0,0,1,1,1,0
320,0,0,0,0,0,0,0,0,0,0,1,0,1,0,0,0,3,1,0,3,0,0,0,1,0,0,0,1,0,0,0,0,2,0,0,1,0,0,0
321,0,1,0,0,0,1,0,3,0,0,0,0,0,0,0,0,3,1,0,0,0,0,0,0,0,1,0,3,0,0,0,0,1,0,0,1,0,1,0
322,0,0,1,0,0,1,1,1,0,0,0,0,2,0,0,0,10,3,1,0,0,0,0,0,0,3,0,3,0,0,1,0,0,0,0,0,1,1,0
323,0,0,0,0,0,1,0,2,0,0,0,0,0,0,0,0,2,1,0,0,0,0,0,1,0,0,0,1,0,0,1,0,1,0,0,0,0,0,1
324,0,0,1,0,0,0,1,0,0,1,1,0,2,0,0,0,2,2,2,3,3,0,0,1,1,0,0,5,1,0,0,0,0,0,0,3,1,0,0
325,0,0,0,0,0,1,0,1,0,1,1,0,0,0,0,0,1,1,0,1,0,0,0,0,0,0,0,2,0,0,0,0,1,0,0,0,0,0,0
326,0,0,0,0,0,1,0,1,0,0,0,0,0,0,0,0,1,1,0,0,0,0,0,0,0,0,0,1,0,0,0,0,3,0,0,1,0,0,0
327,0,0,1,0,0,1,1,2,0,1,0,0,0,0,0,0,1,1,1,3,0,0,0,0,0,2,0,2,0,0,0,0,1,0,0,1,1,2,0
328,0,0,1,0,0,1,0,3,0,1,0,0,1,0,0,0,6,2,2,1,4,0,0,1,0,1,0,4,0,0,0,0,3,0,0,1,0,1,0
329,0,0,3,0,1,1,0,1,0,0,0,0,0,1,0,0,2,1,3,0,0,0,0,2,0,0,0,0,0,0,0,0,1,0,0,0,2,0,0
330,0,0,0,0,0,1,0,0,0,0,0,0,0,0,0,0,1,1,0,1,0,0,0,0,0,0,0,0,0,0,0,0,1,0,0,0,0,0,0
331,0,0,2,0,0,0,1,1,0,0,1,0,1,1,0,0,2,2,2,1,1,1,0,2,0,0,0,3,0,0,0,1,4,0,0,0,0,0,0
332,0,0,1,0,0,0,0,0,0,0,0,0,1,0,0,0,0,1,1,1,0,0,0,0,0,0,0,1,0,0,0,0,0,0,0,0,0,0,0
333,0,0,2,0,0,0,0,0,0,0,0,0,1,0,0,0,0,1,2,1,0,0,0,0,0,0,0,2,0,0,0,0,0,0,0,0,0,0,1
334,0,0,1,0,0,0,1,0,0,0,0,0,1,1,1,1,1,1,1,0,0,0,0,0,0,0,0,1,0,0,0,1,0,0,0,0,0,0,1
335,0,0,0,0,0,0,0,0,0,0,0,0,1,0,0,0,1,1,0,1,0,0,0,0,0,0,0,1,0,0,0,0,1,0,0,0,0,0,0
336,0,0,1,0,0,0,1,0,0,0,0,0,1,0,0,0,1,1,1,2,0,0,0,1,0,0,0,2,0,0,0,0,0,0,0,0,0,0,1
337,0,0,1,0,0,0,0,0,0,0,0,0,1,0,0,0,0,1,1,1,0,0,0,0,0,0,0,1,0,0,0,0,0,0,0,0,0,0,0
338,1,0,0,0,0,0,2,1,0,0,0,0,0,0,0,0,1,2,0,0,0,0,0,1,0,0,0,3,0,0,0,0,1,0,0,2,0,0,1
339,0,0,1,0,0,0,0,0,0,0,0,0,1,0,0,0,0,1,1,1,0,0,0,0,0,0,0,1,0,0,0,0,0,0,0,0,0,0,0
340,1,0,1,0,0,0,0,1,0,1,0,0,0,1,0,0,0,1,1,0,0,0,0,0,0,1,0,1,0,0,0,0,1,0,0,0,1,1,0
341,0,0,2,0,0,0,0,1,0,1,0,0,0,0,0,0,6,2,2,4,0,0,0,3,0,0,0,1,0,0,0,0,1,0,0,1,0,1,0
342,1,0,0,0,0,0,0,1,0,2,0,0,0,1,0,0,2,1,0,1,0,0,1,1,0,2,0,1,0,0,0,0,4,0,0,0,0,1,0
343,0,0,0,0,0,0,0,0,0,0,0,0,0,0,0,0,7,6,0,0,1,0,0,0,0,0,0,2,0,0,0,0,0,0,0,0,0,0,0
344,0,0,1,0,0,0,0,0,0,0,0,0,1,0,0,0,0,1,1,1,0,0,0,0,0,0,0,1,0,0,0,0,0,0,0,0,0,0,0
345,0,0,0,0,1,0,1,1,0,0,0,0,1,1,0,0,0,1,0,2,0,0,0,0,0,0,0,1,0,0,0,0,1,0,0,0,0,0,1
346,0,0,2,0,0,0,0,0,0,0,0,0,0,0,0,0,4,2,2,2,0,0,0,1,0,0,0,1,0,0,0,0,1,0,0,0,0,0,0
347,0,0,0,0,0,0,0,1,0,0,0,0,0,0,0,0,1,1,0,4,0,0,0,1,0,0,0,1,1,0,0,0,9,0,0,0,0,0,1
348,1,0,3,0,0,0,1,2,0,1,1,0,1,1,0,0,5,4,3,0,0,0,0,4,0,1,0,3,0,0,0,0,1,0,0,0,0,1,0
349,0,0,1,0,0,0,0,0,0,0,0,0,1,0,0,0,1,1,1,1,0,0,0,0,0,0,0,1,0,0,0,0,0,0,0,0,0,0,0
350,0,0,1,0,0,0,0,0,0,0,0,0,1,0,0,0,1,1,1,1,0,0,0,0,0,0,0,1,0,0,0,0,0,0,0,0,0,0,0
351,0,0,2,0,0,0,1,1,0,2,1,0,2,0,0,0,2,1,2,2,0,0,0,1,0,0,0,4,0,0,0,0,0,0,0,1,0,0,2
352,0,0,1,0,0,0,0,0,0,0,0,0,1,0,0,0,0,1,1,1,0,0,0,1,0,0,0,1,0,0,0,0,0,0,0,0,0,0,0
353,0,0,0,0,0,0,0,0,0,0,0,0,0,0,0,0,0,1,0,0,0,0,0,0,0,0,0,0,0,0,0,0,4,0,0,0,0,0,0
354,0,0,0,0,0,0,0,1,0,0,0,0,0,0,0,0,2,3,0,0,0,0,1,1,0,0,0,0,3,0,0,0,1,0,0,1,0,0,0
355,0,1,1,0,0,0,0,2,0,0,0,0,1,1,0,0,2,1,1,0,0,1,0,2,0,3,0,3,1,0,0,0,6,0,0,2,1,3,0
356,0,0,0,0,0,0,0,0,0,0,0,0,0,1,1,0,0,1,0,0,0,1,0,0,0,0,0,1,1,0,0,1,3,0,0,0,0,0,0
357,0,1,1,0,0,1,1,1,0,0,0,0,0,0,0,0,2,1,1,1,0,0,0,2,0,0,0,2,1,0,0,1,7,0,0,2,1,0,0
358,0,0,2,0,0,0,1,2,0,0,0,0,0,0,0,0,1,1,2,0,0,0,0,0,0,1,0,1,3,0,0,1,5,0,0,2,0,1,0
359,0,1,2,0,0,0,0,1,0,0,1,0,1,0,0,0,4,3,2,0,0,0,0,1,0,0,0,2,1,0,0,0,2,0,0,1,0,0,0
360,0,0,3,0,0,0,0,1,0,0,0,0,0,0,0,0,5,1,3,0,0,0,0,3,0,1,0,0,1,0,1,0,3,0,0,2,0,1,0
361,0,0,0,0,0,0,0,0,0,0,0,0,3,0,0,0,2,1,0,3,0,0,0,0,0,0,0,3,1,0,0,0,3,0,0,2,0,0,2
362,0,0,0,0,0,1,0,1,0,0,0,0,0,1,0,0,4,1,0,1,0,0,0,1,0,1,0,1,2,0,0,0,0,0,0,1,0,1,0
363,0,1,0,0,0,0,0,2,0,0,0,0,0,0,0,0,7,3,0,1,0,0,0,1,0,0,0,2,1,0,0,0,2,0,0,3,0,0,1
364,0,0,1,0,0,0,0,2,0,1,0,0,1,0,0,0,4,2,1,2,0,0,0,1,0,0,0,2,1,0,0,0,5,0,0,2,0,0,0
365,0,0,0,0,0,0,0,0,0,0,0,0,0,0,0,0,2,2,0,0,0,0,0,1,0,0,0,0,2,0,0,0,1,0,0,2,0,0,0
366,0,0,0,0,0,0,0,0,0,0,0,0,0,0,0,0,5,1,0,2,0,0,0,0,0,0,0,0,1,0,0,0,1,0,0,3,0,0,0
367,0,0,1,0,0,0,0,3,0,0,0,0,1,0,0,0,12,5,1,0,0,0,0,1,0,0,0,4,2,0,1,0,2,0,0,2,1,0,1
368,1,0,0,0,1,0,0,0,1,0,0,0,2,1,1,0,2,1,1,2,0,0,0,1,0,0,0,2,2,0,0,0,0,0,0,1,0,0,1
369,1,0,2,0,0,0,1,2,0,1,1,0,1,0,0,0,3,1,2,1,0,0,0,1,0,0,0,3,2,0,0,0,0,0,0,1,1,0,1
370,0,0,0,0,0,0,0,1,0,0,0,0,0,0,0,0,3,1,0,0,1,0,0,1,0,0,0,2,2,0,0,0,3,0,0,2,0,0,0
371,1,0,2,0,0,0,1,1,0,1,0,0,0,1,1,0,2,1,2,1,0,0,0,1,0,1,0,2,2,0,0,0,0,0,0,2,1,1,0
372,0,0,1,0,0,0,0,1,0,0,0,0,2,0,0,0,1,1,1,3,0,0,0,1,0,1,0,2,2,0,0,0,1,0,0,3,0,1,0
373,0,0,0,0,0,1,0,0,0,0,0,0,2,0,0,0,2,2,0,0,0,0,0,3,0,1,0,2,2,0,0,0,5,0,0,5,0,1,0
374,0,0,2,0,1,0,1,3,0,0,0,0,0,0,0,0,1,1,2,1,0,0,0,2,0,1,0,3,2,0,0,0,2,0,0,1,0,1,1
375,0,0,2,0,0,0,0,2,0,0,0,0,0,0,0,0,6,4,2,1,0,0,0,0,0,0,0,0,5,0,0,0,2,0,0,2,2,0,0
376,0,1,1,0,0,0,0,2,0,0,0,0,0,0,0,0,3,1,1,0,0,1,0,2,0,0,0,2,2,0,0,0,2,0,0,2,0,0,0
377,0,0,0,1,0,0,1,1,0,1,1,0,0,0,0,0,2,3,0,1,0,0,0,0,0,0,0,2,2,0,0,1,10,0,0,2,1,0,1
378,0,0,0,0,0,0,0,1,0,0,0,0,0,0,0,0,1,1,0,0,0,0,0,1,0,1,0,0,2,0,0,0,6,0,0,2,1,1,0
379,0,0,0,0,1,0,1,1,0,0,0,0,0,0,0,0,1,1,0,0,0,0,0,0,0,0,0,0,1,0,0,0,1,0,0,2,1,0,0
380,1,0,1,0,0,0,2,3,0,1,0,0,0,2,0,0,2,1,1,2,1,0,0,0,0,0,0,3,2,0,0,2,4,0,0,1,0,0,0
381,0,0,1,0,0,0,0,1,0,0,0,0,1,0,0,0,2,1,1,0,2,1,0,0,1,0,0,3,3,0,0,2,4,0,0,2,0,0,0
382,0,0,1,0,0,0,0,1,0,0,0,0,0,0,0,0,3,1,1,2,0,1,0,2,0,0,0,2,4,0,0,0,6,0,0,3,0,0,2
383,0,0,1,0,2,0,1,2,0,0,1,0,3,1,0,0,3,2,1,1,0,0,0,0,0,0,0,3,2,0,0,0,1,0,0,2,2,0,0
384,0,0,0,0,0,1,1,2,0,0,1,0,0,1,0,0,3,3,0,0,1,0,0,1,0,1,0,2,2,0,0,0,2,0,0,1,0,1,0
385,0,0,0,1,0,0,1,0,0,1,2,0,0,0,0,0,2,2,0,1,1,0,0,1,0,0,0,2,2,0,0,1,17,0,0,2,0,0,0
386,0,0,1,0,0,0,0,1,0,0,0,0,0,0,0,0,2,2,1,0,0,0,0,1,0,0,0,1,3,0,0,0,2,0,0,2,0,0,1
387,0,0,1,0,0,1,0,0,0,0,0,0,0,0,0,0,3,1,1,0,0,0,0,1,0,0,0,1,2,0,0,0,1,0,0,2,0,0,1
388,0,0,0,0,0,0,0,0,0,0,0,0,0,0,0,0,1,1,0,0,0,0,0,0,0,0,0,0,2,0,0,0,1,0,0,2,0,0,0
389,0,1,0,0,0,0,2,3,0,3,1,0,1,1,0,0,3,1,0,1,1,0,0,1,0,0,0,4,2,0,0,0,3,0,0,3,0,0,1
390,0,1,0,0,0,0,3,3,0,1,0,0,0,1,1,0,3,2,0,0,0,0,0,1,0,1,0,3,3,0,0,1,0,0,0,1,0,1,0
391,0,0,1,0,0,0,1,2,0,0,0,0,2,2,0,0,1,2,1,0,0,0,0,0,0,1,0,1,1,0,0,2,0,0,0,1,1,1,0
392,1,0,0,0,0,0,1,1,0,0,0,0,0,0,0,0,0,1,0,1,0,0,0,0,0,0,0,3,0,0,0,0,2,0,0,0,0,0,1
393,0,0,1,0,0,0,0,0,0,1,1,0,0,0,0,0,0,1,1,1,0,0,0,0,0,0,0,0,2,0,0,0,2,0,0,1,0,0,0
394,0,0,1,0,0,0,1,0,0,0,0,0,1,0,0,0,2,3,1,0,0,0,0,1,0,0,0,1,2,0,0,0,4,0,0,1,0,0,0
395,1,0,3,0,0,0,1,1,0,1,0,0,1,1,0,0,3,4,4,2,0,0,0,2,0,0,0,2,0,0,0,0,2,0,0,1,0,0,0
396,0,0,1,0,0,0,1,1,0,2,1,0,0,0,0,0,1,1,1,4,0,0,0,3,0,1,0,1,0,0,0,0,1,0,0,0,0,1,0
397,0,0,2,0,0,0,0,2,0,1,0,0,0,0,0,0,5,2,3,2,0,0,0,2,0,0,0,1,0,0,1,0,1,0,0,0,0,0,0
398,0,1,3,0,0,0,0,0,0,0,0,0,0,0,0,0,3,1,3,3,0,0,0,2,0,0,0,2,0,0,0,1,1,0,0,8,0,0,0
399,1,0,2,0,1,1,0,2,0,0,0,0,0,3,0,0,2,1,2,1,1,0,0,2,0,0,0,2,0,0,0,2,1,0,0,0,0,0,0
400,0,0,1,0,0,0,0,0,0,0,0,0,1,0,0,0,0,1,2,2,0,0,0,1,0,0,0,1,0,0,0,0,5,0,0,0,0,0,0
401,0,0,0,0,0,1,1,0,0,1,0,0,1,0,0,0,2,2,0,0,0,0,0,1,0,1,0,3,0,0,0,0,2,0,0,1,0,1,2
402,0,0,1,0,0,0,0,0,0,0,1,0,2,0,0,0,5,2,1,1,0,0,0,1,0,0,0,1,0,0,1,0,5,0,0,5,1,0,0
403,0,0,0,0,0,0,0,0,0,0,0,0,0,0,0,0,0,1,0,0,0,0,0,0,0,0,0,0,1,0,0,0,1,0,0,0,0,0,0
404,0,0,0,0,0,0,0,0,0,0,0,0,0,0,0,0,0,1,0,0,0,0,0,0,0,0,0,0,2,0,0,0,0,0,0,1,0,0,0
405,0,0,0,0,1,0,0,1,0,0,0,0,0,0,0,0,4,1,0,1,0,0,0,2,0,1,0,0,1,0,1,0,2,0,0,0,0,1,0
406,0,0,1,0,1,0,0,3,0,0,0,0,0,1,0,0,0,1,1,1,1,1,0,2,0,1,0,3,2,0,0,2,1,0,0,1,1,1,1
407,0,0,0,0,0,0,0,3,0,0,0,0,0,0,0,0,2,1,0,0,2,0,0,1,0,0,0,3,1,0,0,0,5,0,0,0,2,0,1
408,0,0,0,0,0,0,0,0,0,0,0,0,1,0,0,0,0,1,0,0,1,0,0,1,0,0,0,2,0,0,0,0,1,0,0,1,0,0,1
409,0,0,0,0,0,0,0,0,0,0,0,0,0,0,0,0,0,1,0,2,0,0,0,0,0,0,0,0,0,0,0,0,1,0,0,1,0,0,0
410,0,0,0,0,0,0,0,0,0,0,0,0,0,0,0,0,0,1,0,0,0,0,0,0,0,0,0,0,0,0,0,0,2,0,0,0,0,0,0
411,0,0,2,0,0,0,4,0,0,0,1,0,0,0,0,0,4,4,2,0,0,0,0,1,0,1,0,2,0,0,0,0,1,0,0,0,1,1,0
412,0,0,1,0,0,0,2,0,0,0,0,0,0,0,0,0,2,1,1,0,0,0,0,1,0,0,0,0,0,0,1,0,1,0,0,1,0,0,0
413,0,0,0,0,0,0,0,1,0,0,0,0,0,0,0,0,1,1,0,0,0,0,0,1,0,0,0,1,0,0,0,0,0,0,0,0,0,0,1
414,2,0,0,2,0,0,1,2,0,4,1,0,0,0,0,0,3,2,1,0,0,0,0,2,0,0,0,2,1,0,0,0,1,0,0,0,0,0,0
415,0,0,0,0,0,0,0,0,1,0,0,0,0,0,1,0,0,1,0,0,0,0,0,0,0,0,0,0,0,0,0,0,0,0,0,0,0,0,1
416,0,0,1,0,0,0,0,1,0,1,1,0,1,1,0,0,1,2,1,1,0,0,0,0,0,0,0,1,0,0,0,0,0,0,0,2,0,0,0
417,0,0,0,0,0,0,0,0,0,0,0,0,0,0,0,0,0,1,0,1,0,0,0,0,0,0,0,0,0,0,0,0,3,0,0,0,0,0,0
418,0,0,2,0,0,0,0,1,0,0,0,1,0,0,0,0,0,1,2,0,1,0,0,0,0,0,0,2,1,0,0,0,2,0,0,1,0,0,0
419,0,0,1,0,0,0,1,0,0,0,0,0,2,0,0,0,0,1,1,3,1,0,0,1,0,0,0,2,0,0,0,0,3,0,0,0,0,0,1
420,0,0,0,0,0,0,1,2,2,1,0,0,1,0,2,0,2,3,0,2,0,1,1,1,0,1,0,1,1,0,0,0,3,0,0,0,0,1,1
421,0,0,0,0,1,1,0,1,0,0,0,0,0,0,0,0,1,1,0,0,0,0,0,0,0,1,0,0,3,0,0,0,7,0,0,3,1,1,0
422,0,0,0,0,0,0,0,1,0,0,1,0,0,1,0,0,0,1,0,0,1,0,0,0,0,0,0,2,0,0,0,1,1,0,0,0,1,0,0
423,0,0,1,0,0,0,2,2,0,0,0,0,0,0,0,1,7,2,2,1,0,0,0,2,0,2,0,2,0,0,1,0,0,0,0,2,0,1,1
424,0,0,0,0,0,0,1,0,0,0,0,0,0,0,0,0,1,2,0,0,0,0,0,0,0,0,0,1,0,0,0,1,7,0,0,0,0,0,0
425,0,0,1,0,0,0,1,0,0,1,1,0,0,0,0,0,0,1,2,0,0,0,0,1,0,2,0,3,0,0,0,1,0,0,0,1,0,2,1
426,0,0,0,0,0,0,0,1,0,0,0,0,0,0,0,0,0,1,0,0,0,0,0,0,0,0,0,1,0,0,0,0,2,0,0,0,1,0,0
427,0,0,1,1,0,0,2,3,0,1,0,0,0,0,0,0,3,4,1,1,0,0,0,2,0,0,0,4,0,0,0,1,0,0,0,2,0,0,0
428,0,0,2,0,0,0,2,2,0,1,0,0,0,0,0,0,1,1,2,1,2,0,0,1,0,2,0,4,0,0,0,0,4,0,0,0,0,2,0
429,1,0,0,0,0,0,2,3,0,0,0,0,0,0,0,0,0,1,0,1,0,0,0,1,0,0,0,3,0,0,0,1,1,0,0,0,0,0,1
430,0,0,0,0,0,0,0,1,0,0,0,0,0,0,0,0,0,1,0,0,0,1,0,1,0,0,0,1,0,0,0,0,4,0,0,0,0,0,0
431,0,0,0,0,0,0,0,0,0,2,1,0,0,0,0,0,0,1,0,0,1,0,0,0,0,0,0,3,0,0,0,0,0,0,0,0,0,0,1
432,0,0,1,0,0,0,0,0,0,0,0,0,1,0,0,0,0,1,1,1,0,0,0,1,0,1,0,2,0,0,0,0,1,0,0,0,1,1,1
433,0,0,2,0,0,0,1,2,0,1,0,0,1,0,0,0,0,1,2,1,1,0,0,1,1,0,0,3,0,0,0,0,2,0,0,0,0,0,1
434,0,0,1,0,0,0,0,0,0,0,0,0,0,0,0,0,0,1,1,0,0,0,0,0,0,0,0,1,1,0,0,0,2,0,0,0,0,0,0
435,0,0,0,0,0,0,0,1,0,0,0,0,0,0,0,0,0,1,0,1,0,0,0,1,0,0,0,1,0,0,0,0,0,0,0,1,0,0,0
436,0,1,1,0,0,0,0,2,0,1,0,0,1,0,0,0,4,3,1,1,0,0,0,1,0,0,0,4,0,0,0,1,2,0,0,0,0,0,0
437,0,0,1,0,1,0,0,2,0,1,1,0,0,0,0,0,3,3,2,1,0,0,0,1,0,0,0,1,0,0,0,0,3,0,0,0,0,0,0
438,0,0,0,0,0,0,0,0,0,0,1,0,0,0,0,0,0,1,0,1,0,0,0,0,0,0,0,2,0,0,0,1,0,0,0,0,0,0,0
439,0,0,2,0,0,0,0,0,0,0,0,0,0,0,0,0,1,2,2,0,1,0,0,1,0,0,0,3,1,0,0,1,2,0,0,0,0,0,0
440,0,0,0,0,0,0,0,0,0,0,0,0,0,0,0,0,0,1,0,1,0,0,0,1,0,0,0,0,0,0,0,0,2,0,0,1,1,0,0
441,0,0,0,0,0,0,0,1,0,0,0,0,0,0,0,0,1,2,0,1,0,0,0,1,0,0,0,1,0,0,0,0,0,0,0,0,0,0,1
442,0,0,0,0,0,0,2,0,0,1,0,0,0,0,0,0,1,3,1,0,0,0,0,1,0,0,0,2,1,0,0,0,4,0,0,2,0,0,0
443,0,0,0,0,0,0,0,2,0,1,0,0,0,1,0,0,1,1,0,0,0,0,0,1,0,0,0,2,0,0,0,1,0,0,0,0,0,0,2
444,0,0,0,0,0,0,0,1,0,0,0,0,0,0,0,0,2,1,0,0,0,0,0,0,0,0,0,1,0,0,1,0,0,0,0,0,0,0,0
445,0,0,0,0,0,0,0,4,0,0,0,0,0,0,0,0,0,1,0,4,1,0,0,2,0,1,1,3,0,0,0,1,2,0,0,1,0,1,0
446,0,0,1,0,0,0,0,0,0,0,0,0,0,0,0,0,0,1,1,1,0,0,0,1,0,0,0,1,0,0,0,0,2,0,0,0,0,0,0
447,0,0,1,0,0,0,0,1,0,1,1,0,1,0,0,0,0,1,1,0,0,0,0,1,0,1,0,2,1,0,0,0,1,0,0,0,0,1,1
448,0,0,0,0,0,0,0,1,0,0,0,0,1,0,0,0,0,1,0,1,0,0,0,2,0,0,0,2,0,0,0,0,2,0,0,0,0,0,1
449,1,0,1,0,0,0,1,1,1,0,0,0,0,0,1,0,0,1,1,0,0,0,0,2,0,0,0,1,0,0,0,0,2,0,0,1,0,0,0
450,0,0,1,0,0,0,0,0,0,0,0,0,1,0,0,0,0,1,1,1,1,0,0,1,0,1,0,2,0,0,0,0,6,0,0,0,0,1,0
451,1,0,0,0,0,0,3,1,0,0,0,0,0,0,0,0,0,1,0,2,1,0,0,0,0,0,0,2,0,0,0,0,8,0,0,0,0,0,0
452,0,0,1,0,0,0,0,1,0,0,1,0,1,0,0,0,3,1,1,1,0,0,0,0,0,0,0,2,0,0,1,0,6,0,0,0,1,0,1
453,0,0,0,0,0,0,0,0,0,0,0,0,1,0,0,0,0,1,0,0,0,0,0,1,0,0,0,1,0,0,0,0,1,0,0,0,0,0,0
454,0,0,1,0,0,0,0,1,0,0,0,0,0,0,0,0,0,1,1,0,1,0,0,1,0,0,0,3,0,0,0,0,0,0,0,0,1,0,1
455,0,0,1,0,0,0,1,1,0,1,0,0,0,0,0,0,0,1,1,1,0,0,0,1,0,1,0,0,0,0,0,0,7,0,0,0,1,1,0
456,1,0,1,0,1,1,0,2,0,0,0,0,0,0,0,0,1,2,1,0,0,1,0,0,0,1,0,0,0,0,0,1,3,0,0,2,1,1,0
457,0,0,0,0,0,0,0,1,0,0,0,0,1,2,0,0,1,1,0,0,1,0,0,2,0,0,0,2,0,0,0,1,3,0,0,0,0,0,1
458,0,0,0,0,0,0,0,1,0,0,0,0,0,0,0,0,1,1,0,2,0,0,0,0,0,0,0,0,0,0,1,0,0,0,0,0,1,0,0
459,0,0,0,0,0,0,0,0,0,0,0,0,0,0,0,0,0,1,0,1,0,0,0,0,0,0,0,0,1,0,0,0,4,0,0,3,0,0,0
460,0,0,0,0,0,0,0,1,1,0,0,0,0,0,1,0,0,1,0,0,0,0,0,0,0,0,0,0,0,0,0,0,0,0,0,0,1,0,0
461,1,0,1,0,0,0,0,0,0,0,0,0,2,0,0,0,3,1,1,1,0,0,0,3,0,1,0,3,0,0,1,0,2,0,0,0,0,1,1
462,0,0,0,0,0,0,0,1,0,0,0,0,0,0,0,0,1,2,0,0,0,1,0,0,0,0,0,1,0,0,0,0,0,0,0,0,0,0,0
463,0,0,0,0,0,0,1,1,0,0,0,0,1,1,0,0,3,2,0,3,1,0,0,3,0,1,0,3,0,0,0,2,1,0,0,0,0,1,1
464,0,0,1,0,0,0,0,1,0,1,1,0,0,0,0,0,0,1,1,1,1,0,0,0,0,0,0,2,0,0,0,0,0,0,0,0,0,0,1
465,0,0,0,0,0,0,0,0,0,1,0,0,1,0,0,0,5,5,0,2,1,0,0,1,0,0,0,3,0,0,1,0,0,0,0,2,1,1,0
466,1,0,0,0,0,0,0,0,0,0,0,0,1,1,0,0,0,1,0,0,0,0,0,1,0,0,0,1,0,0,0,0,0,0,0,0,0,0,0
467,0,0,0,0,0,0,0,0,0,0,0,0,0,0,0,0,0,1,0,0,0,0,0,0,0,0,0,0,1,0,0,0,5,0,0,1,0,0,0
468,0,0,0,0,1,0,1,1,0,1,0,0,1,2,0,0,1,1,0,3,2,0,0,1,0,0,0,2,0,0,0,1,2,0,0,0,0,0,1
469,1,0,0,0,0,0,0,1,0,0,0,0,0,1,0,0,0,1,0,0,0,0,0,0,0,0,0,1,0,0,0,0,1,0,0,0,0,0,1
470,0,0,1,0,0,0,0,0,0,0,0,0,0,0,0,0,0,1,1,0,0,0,0,0,0,0,0,1,0,0,0,0,1,0,0,0,0,0,0
471,0,0,1,0,0,0,0,2,0,0,0,0,0,0,0,0,0,1,1,0,0,0,0,2,0,0,0,1,0,0,0,0,4,0,0,0,1,0,0
472,1,0,0,0,0,0,0,2,0,1,0,1,0,1,0,0,0,1,0,0,0,0,0,1,0,0,0,2,0,0,0,0,2,0,0,0,0,0,1
473,0,0,0,0,0,0,0,2,0,0,1,0,0,2,0,1,1,1,0,0,0,0,0,0,0,0,0,3,0,0,0,1,0,0,1,2,0,0,1
474,0,0,1,0,0,0,1,0,0,0,0,0,0,0,0,0,0,1,1,3,0,0,0,2,0,1,0,2,0,0,0,0,2,0,0,1,0,1,1
475,0,0,1,0,0,0,1,1,0,1,0,0,0,0,0,0,0,1,1,1,0,0,0,1,0,0,0,1,0,0,0,0,1,0,0,1,0,0,1
476,0,0,1,0,0,0,1,1,0,0,0,0,0,1,0,0,0,1,1,1,0,1,0,0,0,0,0,1,0,0,0,0,0,0,0,3,2,0,0
477,0,0,1,0,0,0,1,1,0,0,0,0,1,0,0,0,4,3,1,0,0,0,0,2,0,0,1,3,0,0,0,0,0,0,0,0,0,0,1
478,0,0,2,0,0,0,2,2,0,0,0,0,0,0,0,0,2,2,2,2,0,0,0,2,0,0,0,1,0,0,0,0,2,0,0,0,1,0,1
479,0,0,0,0,0,0,0,0,0,0,0,0,0,0,0,0,0,1,0,0,0,0,0,0,0,0,0,0,1,0,0,0,3,0,0,0,0,0,0
480,0,0,3,1,0,0,0,0,0,0,0,0,0,2,1,1,4,1,3,1,0,0,0,2,0,1,0,2,0,0,0,1,1,0,0,1,0,1,1
481,0,0,0,0,1,0,0,1,0,0,0,0,0,0,0,0,0,1,0,0,0,1,0,0,0,0,0,0,0,0,0,0,0,0,0,2,0,0,0
482,0,0,1,0,0,0,0,1,0,0,0,0,0,0,0,0,0,1,1,1,0,0,0,1,0,0,0,0,0,0,0,0,1,0,0,0,0,0,0
483,0,0,0,0,0,0,0,1,0,0,0,0,0,0,0,0,1,1,0,0,0,0,0,0,0,0,0,0,0,0,0,0,2,0,0,0,0,0,0
484,0,0,0,0,0,0,0,1,0,1,1,0,0,0,0,0,0,1,0,0,0,0,0,0,0,0,0,1,0,0,0,0,0,0,0,0,0,0,1
485,0,0,1,0,0,0,0,1,0,0,0,0,0,0,0,0,2,1,1,3,0,0,0,2,0,1,0,1,5,0,0,0,5,0,0,1,1,1,1
486,1,0,0,0,0,0,3,2,0,1,0,0,0,0,0,0,1,1,0,1,1,0,0,0,0,0,0,3,0,0,0,1,1,0,0,0,0,0,1
487,0,0,0,0,0,0,0,0,0,0,1,0,3,1,0,0,2,2,0,1,1,0,0,1,0,0,0,3,0,0,0,0,1,0,0,0,0,0,1
488,1,0,1,0,0,0,2,1,0,2,1,0,1,1,0,0,1,1,1,0,0,0,0,1,0,0,0,3,0,0,0,0,2,0,0,0,0,0,1
489,0,0,1,0,0,0,1,1,0,0,0,0,0,1,1,0,4,3,1,1,0,0,0,1,0,2,0,2,0,0,0,1,0,0,0,0,1,2,0
490,0,1,2,0,0,0,1,1,0,1,0,0,1,1,0,0,0,1,2,1,2,0,0,3,0,0,0,3,0,0,0,1,2,0,0,3,0,0,1
491,1,0,0,0,0,0,0,0,0,0,0,0,1,1,0,0,0,1,0,0,0,0,0,1,0,0,0,1,0,0,0,0,5,0,0,0,0,0,0
492,0,0,0,0,0,0,0,1,0,0,0,0,2,0,0,0,2,3,0,2,3,0,0,2,0,0,0,6,0,0,0,0,2,0,0,0,1,0,1
493,0,0,1,0,0,0,0,1,0,1,1,0,0,0,0,0,0,1,1,2,0,0,0,1,0,0,0,1,0,0,0,0,0,0,0,0,1,0,1
494,0,0,2,0,0,0,0,1,0,1,1,0,0,0,0,0,0,1,2,0,1,1,0,0,0,0,0,2,0,0,0,0,2,0,0,1,1,0,0
495,0,0,0,0,0,0,0,1,0,0,0,0,0,1,0,0,0,1,0,1,2,0,0,1,0,0,0,3,1,0,0,1,4,0,0,1,1,0,0
496,0,0,0,0,0,0,0,0,0,0,0,0,0,0,0,0,0,1,0,2,0,0,0,0,0,0,0,0,0,0,0,0,3,0,0,0,0,0,0
497,0,0,0,0,0,0,0,0,0,0,0,0,0,0,0,0,0,1,0,1,0,0,0,0,0,0,0,0,0,0,0,0,3,0,0,0,0,0,0
498,0,0,0,0,0,0,0,0,0,0,0,0,0,0,0,0,0,1,0,1,0,0,0,0,0,0,0,0,0,0,0,0,3,0,0,0,0,0,0
499,0,0,0,0,1,0,0,1,0,0,0,0,0,0,0,0,0,1,0,1,0,0,0,0,0,0,0,0,0,0,0,0,0,0,0,0,0,0,0
500,0,0,2,0,2,0,1,1,0,0,0,0,0,1,0,0,2,3,2,1,1,0,0,3,0,1,0,3,0,0,0,0,4,0,0,0,0,1,1
501,0,1,0,0,0,0,3,2,0,2,1,0,0,1,0,0,1,1,0,1,1,1,0,1,0,0,0,2,0,0,0,0,0,0,0,1,0,0,0
502,0,0,0,0,0,0,0,0,0,0,0,0,0,0,0,0,0,1,0,0,0,0,0,0,0,0,0,0,0,0,0,0,4,0,0,0,0,0,0
503,0,0,0,0,0,0,0,1,0,0,0,0,0,0,0,0,2,1,0,0,1,0,0,0,0,0,0,2,0,0,0,0,0,0,0,0,0,0,0
504,0,0,0,0,0,0,0,0,0,1,0,0,0,1,0,0,1,1,0,0,1,0,0,0,0,0,0,3,0,0,0,1,3,0,0,0,0,0,0
505,0,1,0,0,0,0,1,1,0,1,0,0,0,0,0,0,1,1,0,1,1,0,1,2,0,0,0,4,1,0,0,0,3,0,0,0,0,0,1
506,0,0,0,0,0,0,0,1,0,1,1,0,0,0,0,0,0,1,0,1,0,0,0,0,0,0,0,1,0,0,0,0,0,0,0,0,0,0,0
507,1,0,1,0,0,0,0,1,2,1,0,0,0,1,1,0,2,1,1,1,0,0,0,0,0,0,0,0,0,0,1,0,2,0,0,0,0,0,1
508,1,0,2,0,0,0,0,1,0,0,1,0,0,0,0,0,2,1,2,1,0,0,0,1,0,1,0,2,0,0,0,0,1,0,0,0,1,1,0
509,0,0,0,0,0,0,1,1,0,1,0,0,1,0,0,0,2,1,0,4,0,0,0,2,0,1,0,2,0,0,0,0,0,0,0,0,0,1,1
510,1,1,0,0,0,0,1,3,0,0,0,0,0,1,0,0,3,2,0,1,1,1,0,0,0,0,0,3,0,0,0,0,2,0,0,1,0,1,0
511,0,0,0,0,0,0,0,1,0,0,0,0,0,0,0,0,0,1,0,1,0,0,0,0,0,0,0,1,0,0,0,0,3,0,0,0,0,0,0
512,1,0,1,0,0,0,1,2,0,1,0,0,0,2,0,0,0,1,1,2,1,0,0,1,0,0,0,3,0,0,0,1,0,0,0,1,1,0,0
513,0,0,0,0,0,0,0,1,0,0,0,0,0,1,0,0,0,1,0,2,1,0,0,0,0,0,0,2,0,0,0,1,1,0,0,0,1,0,0
514,0,0,0,0,0,0,0,0,0,0,0,0,0,0,0,0,1,1,0,2,0,0,0,0,0,0,0,0,0,0,0,0,2,0,0,0,0,0,0
515,0,0,0,0,0,0,0,0,0,0,0,0,0,0,0,0,0,1,0,0,0,0,0,0,0,0,0,1,0,0,0,0,1,0,0,0,0,0,0
516,0,2,0,0,0,0,0,4,0,0,0,0,0,0,0,0,3,1,0,0,3,0,0,1,0,0,0,6,0,0,0,0,2,0,0,1,0,0,1
517,0,0,1,0,0,0,1,0,0,0,0,0,1,0,0,0,1,1,1,0,0,0,0,1,0,0,0,1,0,0,0,0,3,0,0,0,0,0,1
518,0,0,0,0,0,0,4,0,0,0,0,0,3,0,0,0,2,2,0,2,1,0,0,2,0,1,0,3,0,0,1,0,5,0,0,0,1,2,0
519,0,0,2,0,0,0,0,3,0,0,0,0,0,0,0,0,0,1,2,2,0,0,0,1,0,0,0,2,0,0,0,0,3,0,0,0,1,0,2
520,0,0,1,0,0,0,0,0,0,0,0,0,0,0,0,0,1,1,2,0,0,0,0,0,0,0,0,1,0,0,0,0,1,0,0,0,1,0,0
521,0,0,0,0,0,0,0,1,0,0,0,0,0,0,0,0,1,2,0,0,0,0,0,1,0,0,0,0,0,0,0,0,2,0,0,0,0,0,0
522,0,0,0,0,0,0,0,0,0,0,0,0,0,0,0,0,0,1,0,0,0,0,0,1,0,0,0,0,0,0,0,0,4,0,0,2,0,0,0
523,0,0,0,0,0,0,2,2,0,0,1,0,0,0,0,0,2,2,0,0,1,0,0,0,0,0,0,3,0,0,0,0,1,0,0,1,0,0,0
524,0,0,0,0,0,0,0,1,0,0,0,0,0,0,0,0,0,1,0,0,0,1,0,0,0,0,0,1,0,0,0,0,3,0,0,0,0,0,0
525,0,0,0,0,0,0,0,2,0,0,0,0,1,0,0,0,0,1,0,0,1,0,0,1,0,0,1,3,0,0,0,0,1,0,0,1,0,0,2
526,1,0,1,0,0,0,0,2,0,1,0,1,0,1,0,0,0,1,1,1,0,0,0,2,0,0,0,1,0,0,0,1,2,0,0,0,0,0,0
527,0,1,1,0,0,0,1,2,0,1,1,1,0,0,0,0,2,1,1,0,0,0,0,1,0,0,0,1,1,0,0,0,2,0,0,0,0,0,0
528,0,0,1,0,0,0,2,1,0,0,1,0,0,1,0,0,2,2,1,0,0,0,0,1,0,0,1,1,0,0,0,0,1,0,0,2,0,0,0
529,0,0,0,0,0,0,1,1,0,1,0,0,1,0,0,0,2,3,0,0,0,0,0,0,0,0,0,4,0,0,0,1,0,0,0,0,0,1,1
530,0,0,0,0,0,0,0,1,0,0,1,0,0,0,0,0,1,1,0,1,0,1,0,1,0,1,0,1,0,0,0,0,1,0,0,0,0,1,1
531,0,0,0,0,0,0,0,0,0,0,0,0,0,0,0,0,0,1,0,0,0,0,0,0,0,0,0,0,0,0,0,0,2,0,0,0,0,0,0
532,1,0,1,0,0,0,0,1,0,1,0,0,0,1,0,0,2,2,1,1,0,0,0,1,0,0,0,2,1,0,0,0,0,0,0,0,0,0,0
533,0,0,0,0,1,0,1,1,0,0,0,0,2,0,0,0,0,1,0,2,2,0,0,1,0,0,0,3,0,0,0,0,2,0,0,0,1,0,1
534,0,0,1,0,0,0,2,1,0,1,0,0,0,0,0,0,2,2,1,4,0,0,0,1,0,1,0,1,0,0,0,0,9,0,0,1,1,1,0
535,0,0,1,0,0,0,1,2,0,2,1,0,1,0,0,0,1,2,1,1,0,1,0,2,0,1,0,1,0,0,0,1,2,0,0,0,1,1,1
536,0,0,0,0,0,1,0,2,0,0,0,0,0,0,0,0,0,1,0,4,1,0,0,0,0,0,0,3,0,0,0,0,2,0,0,0,0,0,1
537,0,0,0,0,2,0,0,3,0,1,1,0,0,1,0,0,3,3,0,1,0,0,0,2,0,0,0,3,0,0,0,1,4,0,0,1,0,0,1
538,0,0,0,0,0,0,0,0,0,0,0,0,1,0,0,0,0,1,0,0,0,0,0,0,0,0,0,1,0,0,0,0,1,0,0,0,0,0,0
539,0,0,0,0,0,0,1,1,0,0,0,0,0,0,0,0,0,1,0,1,0,0,0,1,0,0,0,0,0,0,0,0,0,0,0,1,0,0,0
540,0,0,2,0,0,0,0,3,0,1,0,0,0,0,0,0,4,4,2,0,0,1,0,1,0,0,0,2,0,0,0,0,5,0,0,0,0,0,1
541,0,0,1,0,0,0,0,1,0,1,0,0,0,0,0,0,0,1,1,2,1,0,0,0,0,0,0,2,0,0,0,0,1,0,0,0,1,0,1
542,0,0,0,0,0,0,0,1,0,0,0,0,0,0,0,0,0,1,0,0,1,0,0,1,0,0,0,0,0,0,0,0,0,0,0,4,0,0,0
543,0,0,1,0,0,0,2,1,0,1,0,0,0,0,0,0,0,1,1,2,0,0,0,0,0,0,0,1,0,0,0,0,5,0,0,1,0,0,0
544,0,0,0,0,2,0,0,2,0,0,0,0,0,0,0,0,0,1,0,4,0,0,0,0,0,0,0,0,0,0,0,0,7,0,0,0,0,0,0
545,0,0,0,0,0,0,1,0,0,0,0,0,1,0,0,0,1,1,0,1,0,0,0,0,0,2,0,1,1,0,0,0,4,0,0,0,0,2,0
546,0,0,2,0,0,0,1,3,0,0,0,0,0,0,0,0,0,1,2,2,0,0,0,2,0,1,0,1,0,0,0,0,3,0,0,1,0,1,1
547,0,0,0,0,0,0,0,0,0,0,0,0,0,0,0,0,0,1,0,0,0,0,0,0,0,0,0,0,0,0,0,0,1,0,0,0,0,0,0
548,0,0,0,0,0,0,2,1,0,0,0,0,1,0,0,0,4,3,1,3,0,0,0,1,0,0,0,2,0,0,0,0,2,1,0,1,0,0,1
549,0,0,0,0,0,0,0,1,0,1,0,0,0,0,0,0,0,1,0,0,0,0,0,0,0,0,0,2,0,0,0,0,1,0,0,1,0,0,0
550,0,0,0,0,0,0,0,0,0,0,0,0,0,0,0,0,0,1,0,0,0,0,0,1,0,0,0,0,0,0,0,0,1,0,0,1,1,0,0
551,0,0,0,0,0,0,0,0,0,0,0,0,0,0,0,0,0,1,0,1,0,1,0,0,0,0,0,2,0,0,0,1,0,0,0,0,0,0,0
552,0,0,0,0,0,0,0,0,0,0,0,0,0,0,0,0,0,1,0,0,0,0,0,0,0,0,0,0,0,0,0,0,1,0,0,0,0,0,0
553,0,0,1,0,0,0,0,1,0,1,1,0,0,0,0,0,0,1,1,1,0,0,0,0,0,0,0,1,0,0,0,0,1,0,0,0,0,0,1
554,0,0,0,0,0,0,0,0,0,0,0,0,0,0,0,0,0,1,0,0,0,0,0,0,0,0,0,0,0,0,0,0,1,0,0,0,0,0,0
555,0,0,0,0,0,0,0,0,0,0,0,0,0,0,0,0,0,1,0,0,0,0,0,0,0,0,0,0,0,0,0,0,1,0,0,0,0,0,0
556,0,0,0,0,0,0,0,0,0,0,1,0,0,0,0,0,0,1,0,1,0,0,0,0,0,0,0,0,0,0,0,0,2,0,0,0,0,0,0
557,0,0,0,0,0,0,1,0,0,0,0,0,0,0,0,0,0,1,0,0,0,0,0,0,0,1,0,1,0,0,0,1,2,0,0,0,0,1,0
558,0,0,0,0,0,0,1,1,0,0,0,0,1,0,0,0,4,2,0,2,1,0,0,2,0,3,0,2,3,0,0,0,1,0,0,3,1,3,0
559,0,0,0,0,0,0,2,0,0,0,0,0,0,0,0,0,0,1,0,2,0,0,0,0,0,0,0,1,0,0,0,0,0,0,0,0,0,0,1
560,0,0,0,0,0,0,2,0,0,0,0,0,1,0,0,0,1,1,0,1,0,0,0,0,0,0,0,1,0,0,0,0,1,0,0,0,0,0,0
561,1,0,0,0,0,0,0,0,0,1,0,0,1,1,0,0,2,3,0,0,2,0,0,0,0,0,0,4,0,0,0,1,5,0,0,0,0,0,0
562,0,0,0,0,0,0,0,0,0,0,0,0,0,0,0,0,0,1,0,1,0,0,0,0,0,0,0,0,0,0,0,0,2,0,0,0,0,0,0
563,0,0,1,0,1,0,1,1,0,2,1,0,0,0,0,0,2,1,1,0,2,0,1,1,0,1,0,3,0,0,1,0,2,0,0,0,0,1,0
564,1,0,1,0,0,0,1,0,0,0,0,0,1,1,0,0,1,2,1,0,1,0,0,0,0,0,0,3,0,0,0,0,2,0,0,0,2,0,1
565,0,0,0,0,0,0,1,0,0,0,0,0,0,0,0,0,0,1,0,0,0,0,0,0,0,1,0,1,0,0,0,0,3,0,0,0,0,1,0
566,1,0,1,0,0,0,1,3,0,0,0,0,0,1,0,0,0,1,1,2,0,0,0,1,0,1,0,3,0,0,0,1,9,0,0,0,1,1,1
567,1,0,0,0,0,0,2,2,0,0,0,0,0,1,0,0,2,1,0,2,0,0,1,1,0,0,0,1,1,0,0,0,3,0,0,0,0,0,0
568,0,0,2,0,0,0,1,2,0,0,0,0,0,0,0,0,1,1,2,3,0,1,0,2,0,2,0,1,0,0,0,1,3,0,0,0,1,1,0
569,0,0,0,0,0,0,0,0,0,0,0,0,0,0,0,0,0,1,0,0,0,0,0,0,0,0,0,0,0,0,0,0,3,0,0,0,0,0,0
570,0,0,0,0,0,0,0,1,0,0,0,0,1,0,0,0,1,2,0,1,1,0,0,1,0,0,0,3,0,0,0,0,6,0,0,0,0,0,1
571,0,0,0,0,0,0,0,0,0,0,0,0,0,0,0,0,0,1,0,1,0,0,0,0,0,0,0,0,0,0,0,0,1,0,0,0,0,0,0
572,1,0,1,0,0,0,1,3,0,0,0,0,0,1,0,0,1,1,1,2,0,0,0,2,0,0,0,2,0,0,1,1,3,0,0,0,0,0,0
573,0,0,0,0,0,0,1,2,0,1,1,0,1,0,0,0,3,2,0,1,0,0,0,0,0,1,0,2,0,0,0,0,1,0,0,0,0,1,2
574,0,0,0,0,0,0,1,2,0,0,0,0,0,1,0,0,0,1,1,2,0,0,0,0,0,1,0,4,0,0,0,0,2,0,0,0,2,1,2
575,0,0,0,0,0,0,0,0,0,0,0,0,0,1,0,0,0,1,1,0,0,0,0,0,0,0,0,1,0,0,0,0,0,0,0,1,0,0,0
576,0,0,1,0,0,0,0,1,0,0,0,0,0,0,0,0,2,1,1,0,0,0,1,3,0,1,0,2,0,0,0,1,5,0,0,1,0,1,0
577,1,0,1,0,0,0,0,1,0,0,1,0,0,1,0,0,0,1,1,0,0,0,0,0,0,0,0,1,0,0,0,0,6,0,0,0,0,0,0
578,0,0,3,0,0,0,0,2,0,1,1,0,0,0,0,0,3,3,3,3,0,0,0,1,0,1,0,1,0,0,0,0,1,0,0,0,1,1,1
579,0,0,0,0,1,0,0,1,0,0,0,0,0,0,0,0,0,1,0,0,0,0,0,0,0,0,0,0,0,0,0,0,2,0,0,0,0,0,0
580,1,0,1,0,0,0,1,2,0,1,0,0,1,1,0,0,2,2,1,0,0,0,0,2,0,0,1,4,0,0,0,0,2,0,0,0,0,0,0
581,0,0,3,0,0,0,0,1,0,0,0,0,0,0,0,0,1,1,4,1,0,0,0,0,0,1,0,0,2,0,0,0,2,0,0,0,0,1,0
582,0,0,1,0,0,0,0,1,0,1,1,0,1,0,0,0,2,2,1,0,0,0,0,2,0,0,0,2,0,0,0,0,0,0,0,1,0,0,2
583,0,0,0,0,0,0,1,1,0,0,0,0,0,1,0,0,0,1,0,0,0,0,0,0,0,0,0,1,0,0,0,1,0,0,0,0,0,0,0
584,0,0,0,0,0,0,0,0,0,0,0,0,1,0,0,0,0,1,0,0,0,0,0,1,0,0,0,1,2,0,0,0,0,0,0,1,0,0,1
585,0,1,1,0,0,0,2,1,0,0,0,0,0,0,0,0,6,3,1,1,0,0,0,3,0,1,0,3,0,0,1,0,0,0,0,1,1,1,0
586,0,0,0,0,0,0,0,1,0,0,1,0,2,0,0,0,4,2,0,2,0,0,0,0,0,3,0,3,0,0,0,0,1,0,0,0,0,1,2
587,0,0,0,0,1,0,1,2,0,0,0,0,0,0,0,0,2,3,0,1,0,1,0,1,0,0,0,1,0,0,0,0,3,0,0,0,0,0,0
588,0,0,0,0,0,0,0,0,0,0,0,0,1,0,0,0,0,1,0,1,0,0,0,1,0,0,0,1,0,0,0,0,1,0,0,0,0,0,0
589,0,0,0,0,0,0,0,1,0,0,0,1,0,0,0,0,0,1,0,0,0,0,0,1,0,0,0,0,0,0,0,0,1,0,0,0,0,0,0
590,0,0,0,0,1,0,0,1,0,0,0,0,0,1,0,0,0,1,0,1,0,0,0,1,0,0,0,0,0,0,0,0,4,0,0,0,0,0,0
591,0,0,2,0,0,0,1,3,0,0,0,1,0,0,0,0,2,2,2,0,1,0,0,0,0,0,0,4,0,0,0,0,1,0,1,1,1,0,1
592,0,0,0,0,0,0,0,0,0,0,0,0,0,0,0,0,0,1,0,0,0,0,0,0,0,0,0,0,0,0,0,0,3,0,0,0,0,0,0
593,0,0,0,0,0,0,0,1,0,0,0,0,0,0,0,0,0,1,0,0,0,0,0,1,0,0,0,0,0,0,0,0,0,0,0,0,1,0,0
594,0,0,0,0,1,0,0,1,0,0,0,0,0,0,0,0,0,1,0,0,0,0,0,0,0,0,0,1,0,0,0,0,0,0,0,0,1,0,0
595,0,0,0,0,0,0,0,1,0,0,0,0,0,0,0,0,3,3,0,0,0,0,0,0,0,1,0,2,0,0,0,0,8,0,0,1,2,1,0
596,0,0,0,0,0,0,0,1,0,0,0,0,0,0,0,0,1,1,0,0,0,1,0,0,0,0,0,1,0,0,0,0,0,0,0,0,0,0,0
597,1,0,1,0,0,0,0,1,0,1,1,0,1,1,0,0,1,1,1,1,0,0,0,0,0,0,0,2,0,0,0,0,0,0,0,0,1,0,1
598,0,0,0,0,0,0,1,2,0,0,0,0,0,1,0,0,3,3,0,1,0,0,0,1,0,0,0,1,0,0,0,1,1,0,0,0,0,0,1
599,0,0,0,0,1,0,0,0,0,0,0,0,0,0,0,0,0,1,0,1,0,0,0,0,0,0,0,1,1,0,0,1,3,0,0,0,0,0,0
600,0,0,1,0,0,0,0,1,0,0,0,0,0,0,0,0,0,1,1,1,1,0,0,0,0,0,0,2,0,0,0,0,3,0,0,0,0,0,0
601,0,0,0,0,1,0,0,1,0,0,0,0,0,1,0,0,0,1,0,0,0,0,0,1,0,0,0,1,1,0,0,0,4,0,0,0,0,0,0
602,0,0,2,0,0,0,0,0,0,0,0,0,0,0,0,0,2,2,2,3,0,0,0,1,0,0,0,0,0,0,0,0,5,0,0,3,0,0,0
603,0,1,1,0,0,0,1,1,1,0,0,0,0,1,1,0,2,4,1,0,0,0,0,1,0,1,0,2,1,0,0,1,2,0,0,2,0,1,0
604,0,0,1,0,0,0,0,0,0,0,0,0,0,0,0,0,1,2,1,0,1,0,0,1,0,0,0,1,0,0,0,0,1,0,0,1,0,0,0
605,0,0,3,0,0,0,0,1,0,2,0,0,2,0,0,0,1,2,3,0,0,0,0,2,0,1,0,4,0,0,0,0,1,0,0,2,0,1,2
606,0,0,2,0,0,0,3,1,0,0,0,0,0,0,0,0,5,5,2,0,0,0,0,1,0,2,0,2,1,0,1,0,1,0,0,0,0,2,1
607,0,0,1,0,1,0,3,1,0,1,1,0,0,0,0,0,5,4,1,1,0,1,0,1,0,1,0,2,0,0,0,0,0,0,0,1,0,1,0
608,0,0,2,0,1,0,0,0,0,0,0,0,1,0,0,0,1,3,2,2,1,0,0,0,0,0,0,1,1,0,0,0,1,0,0,3,0,0,0
609,0,0,0,0,0,0,1,0,0,1,1,0,0,0,0,0,2,1,0,0,0,0,0,0,0,1,0,2,0,0,0,1,0,0,0,1,0,2,0
610,0,1,0,0,0,0,0,1,0,0,0,0,0,0,0,0,4,1,0,0,0,0,0,0,0,0,0,2,0,0,0,0,1,0,0,0,0,0,0
611,0,0,2,0,0,0,0,1,0,0,0,0,1,0,0,0,3,2,2,0,0,0,0,2,0,0,0,3,0,0,0,0,1,0,0,0,0,0,2
612,0,0,0,0,0,1,0,0,0,0,0,0,0,0,0,0,1,1,0,0,0,0,0,0,0,0,0,0,0,0,0,0,3,0,0,1,1,0,0
613,0,0,1,0,0,0,0,0,0,0,0,0,1,0,0,0,4,2,1,0,0,0,0,0,0,0,0,3,0,0,0,0,0,0,0,1,0,0,1
614,0,0,0,0,0,0,0,0,0,0,0,0,1,0,0,0,2,1,0,2,0,0,0,1,0,0,0,2,0,0,0,0,0,0,0,1,0,0,1
615,0,0,1,0,0,0,0,0,0,0,0,0,0,0,0,0,2,1,1,0,0,1,0,0,0,0,0,1,0,0,0,0,0,0,0,0,0,0,0
616,0,0,1,0,0,0,0,1,0,0,0,0,0,0,0,0,2,1,1,0,0,0,0,0,0,0,0,1,0,0,0,0,1,0,0,0,0,0,0
617,0,0,0,0,0,0,0,0,0,0,0,0,0,0,0,0,2,1,0,0,0,0,0,0,0,0,0,0,0,0,0,0,1,0,0,1,0,0,0
618,0,0,0,0,0,0,0,1,0,1,0,0,0,0,0,0,2,1,0,0,0,0,0,0,0,0,0,1,0,0,0,0,0,0,0,0,0,0,1
619,0,0,0,0,0,0,0,0,1,0,0,0,0,0,1,0,2,1,0,1,0,1,0,0,0,0,0,0,0,0,0,0,0,0,0,1,0,0,0
620,0,0,0,0,0,1,0,0,0,0,0,0,0,0,0,0,1,1,0,2,0,0,0,1,0,1,0,0,0,0,0,0,0,0,0,0,0,1,0
621,0,0,0,0,0,0,0,1,0,0,0,1,0,0,0,0,2,1,0,0,1,0,0,0,0,0,0,1,0,0,0,0,1,0,0,0,0,0,0
622,0,0,1,0,0,0,0,1,0,0,0,0,0,0,0,0,2,1,1,0,0,0,0,1,0,0,0,0,0,0,0,0,0,0,0,0,0,0,0
623,0,0,0,0,0,0,0,0,0,0,0,0,0,0,0,0,2,1,0,1,1,0,0,1,0,0,0,2,0,0,0,1,0,0,0,0,0,0,0
624,0,0,0,0,1,0,1,3,0,0,0,0,0,2,0,0,2,1,0,0,1,1,0,1,0,0,0,1,2,0,0,0,4,0,0,1,0,0,0
625,0,0,1,0,1,0,0,1,0,0,0,0,0,0,0,0,2,1,1,0,0,0,0,0,0,0,0,0,1,0,0,0,3,0,0,1,1,0,0
626,0,0,1,0,0,1,0,0,0,0,0,0,0,0,0,0,1,1,1,0,0,0,0,0,0,0,0,0,1,0,0,0,2,0,0,0,1,0,0
627,0,0,1,0,0,0,0,0,0,0,0,0,0,0,0,0,2,1,0,0,1,0,0,0,0,0,0,1,0,0,0,0,0,0,0,0,1,0,0
628,0,0,1,0,0,1,0,3,0,0,0,0,0,0,0,0,3,2,1,0,0,0,0,1,0,0,0,2,1,0,0,0,1,0,0,1,0,0,0
629,0,0,1,0,0,0,0,1,0,0,0,0,0,0,0,0,2,1,1,1,0,0,0,1,0,0,0,2,0,0,0,0,0,0,0,0,0,0,1
630,1,0,0,0,0,0,2,2,0,0,0,0,0,0,0,0,2,1,0,0,0,0,0,0,0,0,0,1,0,0,0,1,0,0,0,0,3,0,0
631,0,0,0,0,0,1,0,0,0,0,0,0,0,0,0,0,1,1,0,2,0,0,0,0,0,0,0,0,0,0,0,0,3,0,0,2,2,0,0
632,0,0,1,0,0,0,1,1,1,2,0,0,0,0,1,0,2,1,1,2,0,0,0,1,0,1,0,1,0,0,0,0,0,0,0,1,1,1,0
633,0,0,0,0,0,1,0,2,0,0,0,0,0,1,0,0,1,1,0,1,0,1,0,0,0,0,0,1,0,0,0,0,2,0,0,2,0,0,0
634,1,0,0,0,0,0,0,1,0,0,1,0,1,1,1,0,2,1,0,0,1,0,0,0,0,0,0,2,0,0,0,0,0,0,0,0,0,0,0
635,0,0,3,0,1,0,0,2,0,0,0,0,0,1,0,0,3,2,3,2,1,0,0,3,0,0,0,1,0,0,0,0,0,0,0,0,1,0,0
636,0,0,0,0,0,0,0,0,0,0,0,0,1,1,0,0,2,1,0,0,0,0,0,0,0,0,0,1,0,0,0,0,0,0,0,0,0,0,0
637,0,0,0,0,1,0,0,1,0,0,0,0,0,1,0,0,2,1,0,1,0,1,0,1,0,0,0,0,0,0,0,0,0,0,0,1,0,0,0
638,0,1,0,0,0,0,1,2,0,0,0,0,0,0,0,0,2,1,0,0,0,0,0,0,0,0,0,3,0,0,0,0,1,0,0,1,0,0,0
639,0,0,2,0,1,0,0,1,0,0,0,0,0,0,0,0,2,1,2,0,0,0,0,1,0,0,0,1,0,0,0,0,0,0,0,0,0,0,0
640,0,0,2,0,1,0,0,2,0,0,0,0,0,0,0,0,2,1,2,0,0,0,0,1,0,0,0,1,0,0,0,0,0,0,0,0,0,0,0
641,0,0,0,0,0,1,1,0,0,0,0,0,0,0,0,0,1,1,0,1,0,0,0,1,0,1,0,0,1,0,0,0,2,0,0,2,0,1,0
642,0,0,1,0,0,0,0,0,0,0,0,0,0,0,0,0,7,3,2,9,1,0,0,0,0,0,0,2,0,0,1,1,1,0,0,0,0,0,0
643,0,0,2,0,0,1,0,0,0,0,0,0,0,0,0,0,1,1,2,2,0,0,0,0,0,0,0,0,0,0,0,0,0,0,0,1,0,0,0
644,0,0,1,0,0,0,0,1,0,0,0,0,0,0,0,0,2,1,1,0,1,0,0,2,0,0,0,1,1,0,0,0,0,0,0,0,0,0,0
645,0,0,0,0,0,0,0,0,0,0,0,0,1,0,0,0,2,1,0,1,0,0,0,1,0,0,0,1,1,0,0,0,1,0,0,1,0,0,0
646,0,0,1,0,0,0,0,0,0,0,0,0,0,0,0,0,2,1,2,1,0,0,0,1,0,0,0,2,0,0,0,1,0,0,0,0,0,0,0
647,0,0,1,0,1,1,1,0,0,0,0,0,0,1,1,0,1,1,1,2,0,0,0,1,0,0,0,0,0,0,0,0,3,0,0,0,0,0,0
648,0,0,1,0,0,0,1,0,0,1,0,0,0,0,0,0,2,1,1,0,2,0,0,1,0,0,0,3,0,0,0,0,0,0,0,0,0,0,0
649,0,0,1,0,0,1,0,2,0,0,1,0,0,0,0,0,1,1,1,0,0,0,0,1,0,0,0,1,0,0,0,1,0,0,0,1,0,0,1
650,0,0,0,0,0,0,0,2,0,0,0,0,0,0,0,0,2,1,0,0,0,0,0,2,0,0,1,1,0,0,0,0,0,0,0,1,0,0,0
651,0,0,0,0,0,0,0,2,0,0,1,0,0,0,0,0,2,1,0,0,1,0,0,0,0,0,0,2,0,0,0,0,3,0,0,1,0,0,0
652,0,0,0,0,0,0,0,2,0,0,0,0,0,1,0,0,6,1,0,0,0,1,0,2,0,1,0,3,3,0,0,2,2,0,0,2,0,1,1
653,0,0,0,0,0,1,0,1,0,0,0,0,0,0,0,0,1,1,0,1,0,0,0,1,0,0,0,1,0,0,0,0,1,0,0,0,1,0,1
654,0,0,2,0,0,1,1,0,0,0,0,0,0,0,0,0,3,1,2,0,0,0,0,1,0,0,0,1,1,0,0,0,12,0,0,1,0,1,0
655,0,0,1,0,0,1,0,0,0,1,1,0,0,1,0,0,2,1,1,0,0,0,1,0,0,0,0,1,1,0,0,1,10,0,0,1,0,0,0
656,0,0,1,0,0,0,0,2,0,1,0,0,0,0,0,0,4,1,1,0,1,0,0,2,0,1,0,3,4,0,0,0,6,0,0,4,1,1,1
657,0,0,0,0,0,0,1,0,1,0,0,0,1,0,1,0,2,1,0,0,1,0,0,1,0,0,0,0,0,0,0,0,0,0,0,0,0,1,0
658,0,0,1,0,0,0,0,2,0,0,0,0,0,0,0,0,5,2,1,0,0,0,0,2,0,0,0,2,0,0,0,0,1,0,0,0,1,0,0
659,0,0,0,0,0,1,0,1,0,2,0,0,0,0,0,0,3,4,0,0,1,0,0,0,0,1,0,2,0,0,0,0,3,0,0,0,0,1,1
660,1,1,1,0,0,0,3,1,0,0,0,0,0,2,0,0,4,2,1,0,1,0,0,0,0,0,0,3,2,0,0,1,4,0,0,1,0,0,0
661,0,0,0,0,0,0,0,0,0,0,0,0,1,0,0,0,3,1,0,1,0,0,0,1,0,0,0,2,0,0,0,0,0,0,0,1,0,0,1
662,0,0,0,0,0,0,2,2,0,1,0,0,1,0,0,0,4,2,0,0,1,0,0,3,1,0,0,4,0,0,0,1,0,0,0,0,0,0,1
663,0,0,1,0,0,1,1,1,0,1,0,0,0,0,0,0,3,1,1,2,0,0,0,0,0,0,0,1,0,0,0,0,0,0,0,3,1,0,0
664,0,0,2,0,0,0,3,3,0,0,0,0,0,0,0,0,3,2,2,1,0,0,0,1,0,0,0,2,1,0,0,0,5,0,0,3,0,0,1
665,0,0,0,0,0,1,2,0,0,1,0,0,0,0,0,0,2,2,0,0,0,0,0,0,0,0,0,1,0,0,0,1,5,0,0,1,0,0,1
666,0,0,0,0,0,0,0,2,0,1,0,0,0,0,0,0,4,1,0,1,0,0,0,0,0,0,0,2,0,0,0,0,6,0,0,1,0,0,0
667,0,0,0,0,0,1,0,0,0,0,0,0,1,0,0,0,1,1,0,1,0,0,0,0,0,0,0,1,2,0,0,0,3,0,0,1,0,0,1
668,0,1,0,0,0,0,2,1,0,0,0,0,0,0,0,0,4,1,0,1,1,0,0,1,0,0,0,2,1,0,0,0,1,0,0,2,0,0,0
669,1,1,0,0,0,0,3,2,0,0,0,0,0,2,0,0,3,1,0,1,0,0,0,4,0,1,0,3,0,0,0,1,0,0,0,0,0,1,1
670,0,0,0,0,2,1,0,2,0,0,0,0,1,0,0,0,3,1,0,1,0,0,0,1,0,0,1,2,0,0,0,0,4,0,0,2,0,0,0
671,0,0,0,0,0,1,0,0,0,1,1,0,0,0,0,0,3,2,0,0,0,0,0,0,0,0,0,1,1,0,0,0,4,0,0,1,0,0,1
672,0,0,1,0,0,3,2,2,0,0,1,0,1,2,0,0,3,1,2,0,1,0,0,4,0,1,0,3,1,0,0,1,0,0,0,4,1,1,0
673,0,0,0,0,0,0,0,0,0,0,0,0,0,0,0,0,2,1,0,0,0,0,0,0,0,0,0,1,3,0,0,0,2,0,0,3,0,0,0
674,0,0,2,0,1,1,0,1,0,0,0,0,0,0,0,0,5,1,2,1,0,1,0,3,0,1,0,1,0,0,0,0,2,0,0,0,0,1,0
675,1,0,1,0,0,0,0,0,0,0,1,0,1,1,0,0,3,1,1,0,0,0,0,2,0,0,0,2,0,0,0,1,1,0,0,2,0,0,1
676,0,1,2,0,0,0,1,2,0,1,0,0,0,1,0,0,4,2,2,1,0,0,0,0,0,1,0,1,2,0,0,2,6,0,0,2,0,1,0
677,0,0,0,0,0,0,0,1,0,0,0,0,0,0,0,0,3,2,0,0,0,0,0,0,0,0,0,0,0,0,0,1,2,0,0,1,0,0,0
678,0,0,0,0,0,0,0,0,1,0,0,0,1,0,1,0,5,4,0,1,0,0,0,2,0,0,0,2,0,0,0,0,2,0,0,1,0,0,2
679,0,0,1,0,0,1,2,2,0,2,0,0,1,1,0,0,5,3,1,1,2,0,0,1,0,0,0,3,0,0,0,1,1,0,0,2,0,0,0
680,0,1,1,0,0,0,1,2,0,0,1,0,1,0,0,0,3,1,1,0,0,0,0,0,0,0,0,2,0,0,0,0,2,0,0,1,1,0,0
681,0,1,0,0,0,0,1,0,0,0,0,0,1,0,0,0,4,2,0,1,0,0,0,1,0,0,0,1,0,0,0,0,1,0,0,0,0,0,0
682,0,0,0,0,0,0,0,1,1,0,0,0,0,0,1,0,3,1,0,0,0,0,0,0,0,0,0,0,0,0,0,0,1,0,0,1,0,0,0
683,0,0,0,0,0,0,0,0,0,0,0,0,0,0,0,0,3,1,0,1,0,0,0,0,0,0,0,0,0,0,0,0,2,0,0,3,0,0,0
684,0,1,0,0,1,0,1,4,0,0,0,0,0,2,0,0,2,1,0,0,1,0,0,1,0,0,0,2,0,0,0,0,3,0,0,0,0,0,0
685,0,0,0,0,0,0,0,1,0,1,0,0,0,2,0,0,7,3,0,0,2,0,0,0,0,0,0,3,0,0,0,0,6,0,0,4,0,0,0
686,1,0,0,0,0,1,1,2,0,1,0,0,0,1,0,0,3,1,0,3,0,0,0,1,0,1,0,2,0,0,0,0,1,0,0,2,0,1,0
687,1,1,0,0,0,0,1,4,0,1,0,0,0,1,0,0,3,1,0,0,1,0,0,1,0,1,0,2,0,0,0,0,2,0,0,2,1,1,0
688,0,0,2,0,0,1,1,2,0,0,0,0,0,0,0,0,3,1,2,1,0,0,0,1,1,0,0,1,0,0,1,0,0,0,0,0,0,0,1
689,0,0,2,1,1,0,0,1,0,0,0,0,0,1,0,0,2,1,2,1,0,0,0,1,0,0,0,0,1,0,0,0,2,0,0,0,1,0,0
690,1,1,0,0,0,0,1,1,0,1,1,1,0,0,0,0,3,1,0,0,2,0,0,1,0,0,0,2,0,0,0,0,2,0,0,0,0,0,0
691,0,0,2,0,0,0,1,0,0,1,2,0,0,1,0,0,3,1,3,0,0,1,0,0,0,0,0,2,1,0,0,0,3,0,0,3,1,0,1
692,0,0,0,0,0,0,1,1,0,0,0,0,0,0,0,0,3,2,0,1,0,0,0,0,0,0,0,0,1,0,0,0,0,0,0,2,0,0,0
693,0,0,1,0,0,1,0,0,0,0,0,0,0,0,0,0,2,3,1,2,0,0,0,2,0,0,0,2,0,0,0,0,2,0,0,1,0,0,2
694,0,0,1,0,0,2,0,1,0,2,0,0,0,1,0,0,2,1,1,0,2,0,0,0,0,1,0,3,0,0,0,0,4,0,0,0,0,1,1
695,0,1,2,0,0,1,1,2,0,2,2,0,0,0,0,0,4,2,2,1,1,0,0,1,0,0,0,4,0,0,0,0,3,0,0,1,0,0,0
696,0,1,1,0,1,0,1,0,0,0,0,0,1,1,0,0,4,1,1,1,0,0,0,1,0,0,0,1,1,0,0,1,1,0,0,0,0,0,0
697,0,0,1,0,0,1,2,2,1,1,1,0,0,1,1,0,4,1,1,0,0,0,0,1,0,1,0,1,1,0,0,1,1,0,0,2,0,1,1
698,1,1,0,0,0,1,1,2,0,0,0,0,1,1,0,0,3,1,0,1,1,0,0,0,1,0,0,0,2,0,0,0,0,0,0,0,0,0,0
699,0,0,0,0,0,1,0,0,0,0,0,0,0,0,0,0,3,2,0,1,0,0,0,0,0,0,0,0,2,0,0,0,3,0,0,2,0,0,0
700,0,0,2,0,0,0,1,1,0,0,0,0,0,0,0,0,4,2,2,2,0,1,0,2,0,0,1,0,0,0,0,0,1,0,0,1,1,0,0
701,0,1,3,0,0,0,0,1,0,0,0,0,0,0,0,0,3,1,3,2,1,0,0,2,0,1,0,2,0,0,0,1,0,0,0,1,0,1,0
702,0,0,0,0,0,0,0,1,0,0,0,0,0,0,0,0,3,1,0,2,0,0,0,1,0,0,0,1,1,0,0,0,2,0,0,2,0,0,1
703,0,1,1,0,0,0,0,0,0,0,0,0,1,0,0,0,4,2,1,0,0,0,0,2,0,0,0,2,0,0,0,0,0,0,0,0,0,0,0
704,0,0,0,0,0,0,0,0,0,0,0,0,0,0,0,0,3,1,0,0,1,1,0,0,0,0,0,3,0,0,0,1,0,0,0,1,0,0,0
705,0,0,1,0,0,0,0,1,0,0,0,0,1,0,0,0,6,1,1,0,0,0,0,1,0,0,0,2,0,0,0,0,0,0,0,2,0,0,0
706,0,0,1,0,0,0,1,1,0,1,1,0,1,0,0,0,3,1,1,2,0,0,0,1,0,1,0,2,0,0,0,0,0,0,0,2,1,1,1
707,0,0,2,0,0,0,0,0,0,1,1,0,0,0,0,0,4,2,2,1,0,0,0,0,0,0,0,1,0,0,0,0,0,0,0,1,0,0,1
708,0,1,0,0,0,3,1,1,0,1,0,0,0,0,0,0,4,1,0,2,0,0,0,1,0,0,0,2,0,0,0,0,2,0,0,4,0,0,0
709,0,0,1,0,0,1,0,1,0,1,1,0,0,0,0,0,7,2,1,0,0,0,0,0,0,0,0,1,0,0,0,0,0,0,0,4,0,0,0
710,0,0,0,0,0,2,1,1,0,1,1,0,0,0,0,0,2,1,0,0,0,0,0,0,0,0,0,2,0,0,0,0,2,0,0,0,0,0,2
711,0,0,2,0,0,0,0,0,0,1,0,0,0,0,0,0,3,1,2,1,0,0,0,1,0,0,0,1,0,0,0,0,1,0,0,2,1,0,0
712,0,0,0,0,0,1,0,0,0,0,0,0,1,0,0,0,2,2,0,2,0,0,0,0,0,0,0,1,1,0,0,0,6,0,0,3,0,0,0
713,0,0,2,0,0,1,0,2,0,0,0,1,1,0,0,0,3,3,2,0,3,0,0,1,0,0,0,5,1,0,1,0,6,0,0,0,1,0,0
714,0,0,0,0,0,0,0,0,0,0,0,0,0,0,0,0,3,1,0,0,0,0,0,0,0,0,0,0,2,0,0,0,6,0,0,2,0,0,0
715,0,0,0,0,0,1,0,1,0,2,1,0,0,0,0,0,2,1,0,0,1,0,0,1,0,0,0,3,1,0,0,0,2,0,0,1,0,0,1
716,0,0,0,0,1,1,1,2,0,1,1,0,0,0,0,0,2,1,0,0,1,0,0,0,0,0,0,2,2,0,1,0,3,0,0,1,0,0,0
717,0,0,0,0,2,2,1,3,0,0,0,0,1,0,0,0,2,2,0,1,0,0,0,1,0,2,0,1,0,0,0,0,7,0,0,1,0,2,0
718,2,0,3,0,0,1,1,2,1,0,0,0,0,2,1,0,2,1,3,0,0,0,0,1,0,0,0,3,0,0,0,1,0,0,0,1,2,0,1
719,0,0,1,0,0,1,0,0,0,0,0,0,0,1,0,0,3,2,1,1,0,0,0,1,0,0,0,1,0,0,0,0,1,0,0,3,1,0,0
720,0,0,0,0,1,1,0,1,0,0,0,0,0,0,0,0,2,1,0,0,0,0,0,1,0,0,0,0,0,0,0,0,4,0,0,2,0,0,0
721,0,1,0,0,0,0,1,1,0,0,0,0,0,0,0,0,4,1,0,1,0,0,0,1,0,0,0,1,0,0,0,0,5,0,0,0,0,0,0
722,0,0,0,0,1,0,0,1,0,0,0,0,0,1,0,0,3,1,0,0,0,1,0,1,0,0,0,0,0,0,0,1,1,0,0,2,0,0,0
723,0,1,0,0,0,0,0,1,0,1,1,0,2,1,0,0,3,1,0,2,0,0,0,0,0,0,0,4,0,0,0,0,3,0,0,0,1,0,1
724,0,0,0,0,0,0,1,2,0,0,1,0,0,0,0,0,6,2,0,1,1,0,0,0,0,0,0,3,0,0,0,0,2,0,0,3,0,0,1
725,0,0,3,0,0,0,0,2,0,1,0,0,0,0,0,0,5,2,3,1,1,0,0,1,0,3,0,2,0,0,0,0,2,0,0,1,0,3,0
726,0,0,2,0,0,1,1,1,0,2,1,0,0,1,0,0,5,2,2,1,1,0,0,4,0,0,0,3,0,0,0,0,0,0,0,4,0,0,1
727,0,1,0,0,1,0,0,0,0,0,1,0,2,1,0,0,4,2,0,0,0,0,0,2,1,0,0,0,0,0,0,1,0,0,0,0,0,0,0
728,0,0,0,0,0,1,0,0,0,0,0,0,0,0,0,0,2,1,0,1,0,0,0,0,0,0,0,0,0,0,0,0,4,0,0,2,0,0,0
729,0,0,0,0,1,0,0,3,0,0,1,0,0,0,1,0,7,2,0,1,1,0,0,0,0,1,0,1,0,0,0,1,2,0,0,3,0,1,0
730,0,0,0,0,0,0,3,0,0,0,0,0,1,0,0,0,5,2,1,1,0,0,0,1,0,1,0,1,0,0,0,0,0,0,0,1,0,1,1
731,1,0,2,0,0,1,1,1,0,1,1,0,1,1,0,0,2,1,3,3,2,0,0,1,0,0,0,3,1,0,0,0,3,0,0,5,1,0,0
732,0,0,1,1,0,0,2,1,0,0,0,0,1,0,0,0,5,2,1,0,0,0,0,1,0,0,0,2,0,0,0,0,0,0,0,1,0,1,0
733,0,0,1,0,1,0,0,1,0,0,0,0,0,0,0,0,3,2,1,1,0,0,0,3,0,0,0,0,0,0,0,0,6,0,0,1,0,0,0
734,0,0,1,0,0,0,0,0,0,0,0,0,1,0,0,0,3,1,1,0,2,0,0,1,0,0,0,4,1,0,0,0,1,0,0,2,1,0,1
735,0,0,2,0,0,0,0,0,0,0,0,0,1,1,0,0,5,2,2,0,1,1,0,2,0,0,0,2,0,0,0,0,0,0,0,1,0,1,0
736,1,0,1,0,0,1,1,1,0,2,0,0,0,1,0,0,2,1,1,1,2,0,0,2,0,0,0,3,1,0,0,1,2,0,0,1,0,0,0
737,0,0,3,0,0,1,0,3,0,1,0,0,0,1,1,0,5,5,4,0,0,0,0,1,0,0,0,2,1,0,0,1,4,0,0,1,0,0,1
738,0,1,0,0,0,1,1,2,0,0,1,0,1,1,0,0,3,1,0,2,1,0,0,0,0,0,0,4,0,0,0,1,0,0,0,2,1,0,1
739,0,0,2,0,1,4,1,0,0,0,0,0,0,0,0,0,6,4,2,0,0,0,0,2,0,0,0,0,0,1,1,0,1,0,0,4,1,0,0
740,1,1,2,0,0,0,0,0,0,0,1,0,1,1,0,0,3,1,2,0,0,0,0,3,0,0,0,2,0,0,0,0,0,0,0,0,0,0,0
741,0,1,1,0,0,1,1,3,0,0,0,0,0,0,0,0,2,2,2,0,0,0,0,3,0,0,0,2,2,0,0,1,1,0,0,0,1,0,1
742,0,0,0,0,0,0,0,1,0,0,0,0,0,0,0,0,5,2,0,0,0,0,0,0,0,0,0,1,0,0,0,0,8,0,0,3,0,0,0
743,0,0,1,0,0,0,1,0,0,1,0,0,2,0,0,0,7,3,1,3,0,0,0,1,0,0,0,3,0,0,0,0,2,0,0,2,2,0,0
744,0,0,1,0,0,1,1,0,0,0,0,0,1,0,0,0,4,3,1,2,0,0,0,0,0,0,0,1,0,0,0,0,2,0,0,1,0,0,0
745,1,0,0,0,1,0,1,1,0,0,0,0,1,1,0,0,3,1,0,1,0,0,1,0,0,0,0,2,1,0,0,0,4,0,0,0,1,0,1
746,0,0,0,1,0,1,0,1,0,1,1,0,1,2,0,0,3,1,0,0,0,0,0,0,0,0,0,1,0,0,0,0,0,0,0,1,0,0,1
747,1,0,0,0,0,1,1,1,0,0,2,0,2,1,0,0,2,1,0,1,0,0,0,1,0,1,0,3,0,0,0,0,1,0,0,2,0,1,0
748,0,1,1,0,0,0,1,2,0,0,0,0,2,0,0,0,9,5,1,1,3,0,0,0,0,0,0,5,0,1,0,1,2,0,0,1,1,0,0
749,0,1,1,0,0,0,1,1,0,0,0,0,0,0,0,0,3,1,1,1,0,0,0,1,0,0,0,1,2,0,0,1,2,0,0,1,0,0,0
750,0,0,0,0,0,0,1,0,0,0,0,0,0,0,0,0,3,2,0,1,0,0,0,0,0,0,0,0,1,0,0,0,3,0,0,1,0,0,0
751,0,0,1,0,0,0,2,0,0,1,1,0,0,0,0,0,3,1,1,1,0,0,1,1,0,2,0,1,0,0,0,0,2,0,0,1,0,2,0
752,0,0,0,0,0,1,2,1,0,0,0,0,0,0,0,0,2,1,0,1,0,0,0,2,0,0,0,1,0,0,1,0,1,0,0,2,0,0,0
753,0,1,4,0,0,0,0,1,0,0,0,0,1,1,0,0,5,2,4,3,0,0,0,3,0,0,0,1,0,0,0,0,0,0,0,1,0,0,0
754,0,0,0,0,0,0,0,0,0,0,0,0,1,0,0,0,5,1,0,1,0,0,0,1,0,0,0,1,0,0,1,0,1,0,0,1,0,0,1
755,0,1,1,0,0,0,1,0,0,0,0,0,1,0,0,0,3,1,1,3,0,0,0,0,0,0,0,1,0,0,0,0,3,0,0,0,0,0,0
756,0,1,0,0,0,0,0,2,0,0,0,0,0,0,0,0,3,1,0,0,0,0,0,2,0,0,1,3,0,0,0,0,2,0,0,1,0,0,0
757,0,1,0,0,0,0,0,1,0,1,0,0,0,0,0,0,4,1,0,0,0,0,0,0,0,0,0,1,0,0,0,1,0,0,0,1,0,0,0
758,0,0,0,0,0,1,0,0,0,0,0,0,0,0,0,0,2,1,0,0,0,0,0,0,0,0,0,0,0,0,0,0,2,0,0,2,0,0,0
759,0,0,1,0,0,0,2,2,0,0,0,0,2,0,0,0,11,4,1,1,1,1,0,0,0,0,0,3,1,0,0,0,0,0,0,5,0,0,0
760,0,0,1,0,0,0,0,0,0,0,0,0,0,0,0,0,3,1,1,1,0,0,0,0,0,0,0,0,0,0,0,0,2,0,0,1,0,0,0
761,0,0,0,0,0,1,1,1,0,0,0,0,0,0,0,0,2,1,0,0,0,0,0,0,0,0,0,1,2,0,1,0,3,0,0,1,0,0,0
762,0,0,1,0,0,0,0,1,0,0,0,0,0,0,0,0,3,1,1,0,1,0,0,2,0,0,0,2,0,0,0,0,3,0,0,1,0,0,0
763,0,1,3,0,0,1,1,0,0,0,1,0,1,0,0,0,5,3,3,1,0,0,0,2,0,1,0,2,0,0,0,0,5,0,0,1,0,1,0
764,0,0,1,0,0,0,1,1,0,1,0,0,0,0,0,0,3,1,1,1,0,0,0,0,0,0,0,0,0,0,0,1,1,0,0,4,0,0,1
765,0,0,2,0,1,0,0,0,0,0,0,0,0,0,0,0,3,1,2,2,1,0,0,2,0,0,0,2,0,0,0,0,1,0,0,2,0,0,1
766,0,1,1,0,0,0,2,2,0,1,0,0,0,1,0,0,4,2,2,1,0,0,0,2,0,0,0,1,0,0,0,1,0,0,0,0,0,0,0
767,0,0,0,0,0,1,0,0,0,0,0,0,1,0,0,0,3,2,1,1,1,0,0,0,0,1,0,4,0,0,0,0,3,0,0,1,0,1,0
768,0,0,1,0,0,0,1,1,0,2,0,0,1,1,0,0,5,2,1,1,0,0,0,1,0,1,0,2,0,0,0,0,0,0,0,2,1,1,0
769,1,0,0,0,0,1,0,1,0,1,1,0,0,1,0,0,5,2,0,0,0,0,0,0,0,0,0,2,0,0,0,0,4,0,0,4,1,0,0
770,0,0,1,0,0,1,0,3,0,0,0,0,1,0,0,0,6,3,1,3,1,0,0,0,0,2,0,3,0,0,0,1,0,0,0,2,0,1,0
771,0,0,0,0,0,0,0,0,0,0,0,0,0,0,0,0,5,1,0,1,0,0,0,0,0,0,0,1,0,0,0,0,0,0,0,2,0,0,0
772,0,0,2,2,1,1,1,0,0,0,0,0,1,1,0,0,6,3,2,1,0,0,0,2,0,0,0,1,0,0,0,0,4,0,0,1,0,0,1
773,0,0,0,0,0,0,0,0,0,0,0,0,0,0,0,0,3,1,0,0,0,0,0,0,0,1,0,1,0,0,0,2,0,0,0,2,0,1,0
774,1,0,1,0,1,0,1,1,1,1,2,0,0,1,1,0,3,1,1,0,1,0,0,1,0,0,0,2,1,0,0,0,0,0,0,2,0,0,0
775,0,1,0,0,0,0,0,3,0,0,1,0,0,1,0,0,5,3,0,0,1,0,0,1,0,0,0,3,0,0,0,2,1,0,0,0,0,1,1
776,0,0,1,0,1,0,1,2,0,0,0,0,1,0,0,0,4,2,0,2,1,0,0,1,0,0,0,2,0,0,0,0,1,0,0,1,0,0,0
777,1,0,0,0,0,1,0,1,0,0,0,0,2,2,0,0,6,2,0,1,0,0,0,0,0,1,0,2,0,0,0,1,0,0,0,1,0,1,0
778,0,0,1,0,0,0,0,1,0,1,0,0,0,0,0,0,4,2,1,1,0,0,0,0,0,0,0,0,2,0,0,0,1,0,0,2,1,0,0
779,0,1,0,0,0,0,0,1,0,1,1,0,0,0,0,0,3,1,0,0,0,0,0,1,0,0,0,1,0,0,0,0,1,0,0,1,0,0,0
780,0,0,0,0,0,0,0,1,0,0,0,0,0,1,0,0,4,1,0,2,0,0,0,1,0,0,0,2,0,0,0,0,4,0,0,1,0,0,1
781,0,0,0,0,0,2,0,1,0,1,1,0,1,0,0,0,4,1,0,1,1,1,0,1,0,2,0,3,0,0,0,0,0,0,0,1,0,1,2
782,0,0,1,0,0,2,0,1,0,0,0,0,0,0,0,0,2,2,1,1,0,0,0,1,0,0,0,0,0,0,0,0,0,0,0,1,1,0,0
783,1,0,1,0,0,0,1,2,0,1,1,0,1,0,0,0,9,3,1,1,2,0,0,1,0,0,0,5,0,0,0,0,0,0,0,1,1,0,0
784,0,0,1,0,0,0,0,2,0,0,0,0,0,0,0,0,6,1,1,2,0,0,0,0,0,0,0,1,2,0,0,0,0,0,0,4,0,0,0
785,0,0,3,0,0,1,2,1,0,0,0,0,0,0,0,0,8,2,3,0,0,0,0,1,0,0,0,0,3,0,0,0,1,0,0,1,0,0,0
786,0,1,0,0,0,1,0,1,0,0,0,0,1,0,0,0,7,2,0,0,0,0,0,0,0,0,0,2,2,0,1,0,1,0,0,3,1,0,0
787,0,1,0,0,0,0,1,1,0,1,1,0,0,0,0,0,4,1,0,0,1,0,0,2,0,0,0,2,0,0,0,0,0,0,0,0,0,0,0
788,1,1,2,0,0,0,0,2,0,1,0,0,0,2,0,0,6,2,2,1,0,0,0,2,0,1,0,3,0,0,0,0,5,0,0,0,0,1,0
789,0,0,1,0,0,0,1,2,0,2,1,0,0,1,0,0,5,3,1,0,1,0,0,1,0,1,0,2,0,0,0,0,0,0,0,1,0,1,1
790,0,0,0,0,0,0,0,1,0,0,0,0,0,0,0,0,3,1,0,0,0,0,0,0,0,0,0,2,0,0,0,1,1,0,0,0,0,0,0
791,0,0,0,0,0,1,1,1,0,0,1,0,2,1,0,0,3,1,0,1,0,0,0,0,0,0,0,2,0,0,0,1,0,0,0,1,0,0,1
792,0,0,0,0,0,0,0,0,0,0,0,0,0,0,0,0,3,1,0,0,0,0,0,0,0,0,0,0,0,0,0,0,4,0,0,2,0,0,0
793,0,1,2,0,0,2,2,0,0,0,1,0,0,0,0,0,2,1,2,2,0,0,0,0,0,0,0,1,0,0,0,0,3,0,0,2,0,0,0
794,0,1,1,0,0,0,2,1,0,0,1,1,0,1,0,0,4,3,1,1,2,0,0,2,0,0,0,4,0,0,0,0,4,0,0,0,0,0,0
795,0,1,1,0,1,0,0,1,0,0,0,0,1,0,0,0,6,1,2,1,0,0,0,2,0,1,0,1,0,0,1,0,2,0,0,3,0,1,0
796,2,0,1,0,0,0,0,2,0,2,1,0,0,3,0,0,7,3,1,1,1,0,0,0,0,0,0,3,0,0,0,1,1,0,0,0,1,0,0
797,1,0,3,0,0,0,0,0,0,0,1,0,0,1,0,0,3,1,3,0,0,0,0,1,0,0,0,1,1,0,1,0,1,0,0,2,1,0,0
798,0,0,0,0,1,0,3,0,0,0,0,0,0,0,0,0,5,2,0,1,1,0,0,1,0,0,0,1,0,0,0,0,0,0,0,3,0,1,0
799,0,0,1,0,2,0,0,0,0,0,0,0,0,0,0,0,4,3,1,0,0,0,0,1,0,0,0,1,0,0,0,1,1,0,0,2,0,0,0
800,0,0,1,0,0,1,0,1,0,1,2,0,1,0,0,0,2,1,1,0,0,0,0,1,0,0,0,1,0,0,0,0,1,0,0,2,0,0,1
801,0,0,0,0,0,0,0,1,0,1,1,0,1,0,0,0,4,1,1,2,0,0,0,1,0,0,0,2,0,0,0,0,1,0,0,1,0,0,1
802,0,0,2,0,0,0,0,1,0,0,0,0,0,1,0,0,6,3,2,0,0,1,0,3,0,0,0,1,2,0,0,2,5,0,0,3,0,0,0
803,0,0,1,0,0,0,0,2,0,1,0,0,0,0,0,0,4,2,1,0,2,0,0,0,0,1,0,6,0,0,0,0,0,0,0,1,3,1,0
804,1,0,1,0,0,1,0,2,0,0,0,0,1,1,0,0,2,1,1,2,0,0,0,0,0,1,0,1,2,0,0,0,3,0,0,2,1,1,0
805,0,0,2,0,0,0,0,0,0,0,0,0,1,0,0,0,3,1,2,0,0,0,0,0,0,0,0,2,0,0,1,0,1,0,0,0,0,0,0
806,0,0,0,0,0,0,0,0,0,0,0,0,0,0,0,0,2,1,0,1,0,0,0,2,0,0,0,0,0,0,0,0,1,0,0,2,0,0,0
807,0,0,1,0,0,0,1,2,0,0,0,0,0,0,0,0,6,4,1,0,0,0,0,0,0,0,0,2,1,0,0,0,1,0,0,0,1,0,0
808,1,0,0,0,0,0,0,1,0,1,2,0,0,1,0,0,3,1,0,0,0,0,0,0,0,0,0,3,1,0,0,0,0,0,0,2,0,0,0
809,0,0,0,0,1,0,1,1,0,0,0,0,0,0,0,0,3,1,0,2,0,0,0,1,0,0,0,0,0,0,0,0,0,0,0,1,0,0,0
810,0,0,0,0,0,0,0,1,0,2,2,0,1,0,0,0,5,2,1,0,1,0,0,0,0,1,0,3,0,0,0,0,0,0,0,1,1,1,1
811,0,0,0,0,0,1,0,0,0,0,0,0,1,0,0,0,2,1,0,0,0,0,0,1,0,0,0,1,0,0,0,0,0,0,0,1,0,0,0
812,0,0,0,0,0,1,1,0,0,1,1,0,1,1,0,0,5,3,0,0,0,0,0,1,0,0,0,1,0,0,0,1,2,0,0,1,0,0,0
813,0,0,1,0,0,0,0,0,0,1,2,0,1,0,0,0,5,1,2,2,0,0,0,0,0,0,0,1,1,0,0,0,1,0,0,2,0,0,0
814,1,0,4,0,0,0,1,2,0,0,0,0,0,1,0,0,3,1,4,0,1,0,0,2,0,0,0,4,1,0,0,0,0,0,0,2,0,0,1
815,0,0,0,0,1,0,1,0,0,0,0,0,0,0,0,0,11,1,0,2,0,0,0,0,0,0,0,0,0,0,0,1,5,0,0,7,0,0,0
816,0,0,2,0,0,0,2,0,0,0,0,0,0,0,0,0,3,1,3,0,0,0,0,0,0,0,0,1,0,0,0,0,0,0,0,4,3,0,0
817,1,0,0,0,0,1,3,1,0,1,1,0,1,0,0,0,5,3,0,1,0,0,0,0,0,1,0,2,0,0,0,0,1,0,0,1,0,1,0
818,0,0,1,0,0,1,0,0,0,1,1,0,0,0,0,0,3,2,1,0,0,0,0,1,0,0,0,2,0,0,0,0,2,0,0,2,0,0,1
819,0,0,0,0,0,0,0,0,0,0,0,0,0,0,0,0,3,1,0,0,0,0,0,0,0,0,0,0,0,0,0,0,2,0,0,2,0,0,0
820,0,1,0,0,0,0,0,1,0,1,1,0,1,0,0,0,6,3,1,0,1,1,1,2,0,0,0,3,1,0,0,0,3,0,0,2,1,0,0
821,0,2,3,0,0,0,1,1,0,0,0,0,0,0,0,0,4,1,3,1,0,1,0,1,0,0,0,1,0,0,0,0,2,0,0,3,0,0,0
822,0,1,0,0,0,0,2,3,0,1,1,0,0,0,0,0,5,1,0,1,0,0,0,0,0,1,0,3,2,0,0,1,1,0,0,2,0,1,2
823,0,0,1,0,1,0,1,0,0,0,1,0,0,0,0,0,8,1,1,1,0,0,0,0,0,0,0,1,5,0,0,0,4,0,0,7,0,0,0
824,0,0,0,0,0,0,1,0,0,0,1,0,0,0,0,0,4,1,0,1,0,0,0,0,0,0,0,0,2,0,0,0,1,0,0,5,0,0,0
825,0,1,2,0,0,1,0,1,0,1,0,0,0,0,0,0,3,1,2,0,1,0,0,0,0,0,0,2,0,0,0,1,5,0,0,0,1,0,0
826,0,1,0,0,0,0,0,0,0,0,0,0,1,0,0,0,4,1,0,0,0,0,0,1,0,0,0,1,1,0,0,0,6,0,0,2,1,0,0
827,1,0,0,0,0,0,0,2,0,1,1,0,0,0,0,0,3,1,1,0,0,0,0,0,0,0,0,1,0,0,0,0,0,0,0,1,1,0,0
828,0,0,1,0,0,0,0,0,0,1,1,0,0,1,0,0,3,1,1,0,0,1,0,1,0,1,0,2,0,0,0,0,0,0,0,0,1,1,0
829,0,1,0,0,0,0,0,1,0,0,0,0,1,0,0,0,6,1,0,0,0,0,0,1,1,0,0,1,0,0,0,0,3,0,0,1,0,0,0
830,0,0,0,0,0,0,0,1,0,0,0,0,0,0,0,0,3,1,0,0,0,0,0,0,0,0,0,1,0,0,0,0,1,0,0,1,0,0,0
831,0,0,0,0,0,1,0,0,0,0,0,0,0,0,0,0,3,2,0,3,0,0,0,0,0,0,0,0,0,0,1,0,7,0,0,1,1,0,0
832,0,0,1,0,1,0,0,1,0,0,0,0,0,1,0,0,2,1,1,0,0,0,0,0,0,0,0,0,0,0,0,0,3,0,0,0,2,0,0
833,0,2,1,0,0,0,2,2,0,1,0,0,0,0,0,0,6,1,1,0,1,0,0,1,1,0,0,2,3,0,0,1,2,0,0,2,1,0,0
834,0,0,0,0,1,0,0,1,0,0,0,0,1,1,1,0,8,1,0,3,1,0,0,1,0,0,0,3,0,0,0,0,0,0,0,3,1,0,0
835,0,0,0,0,1,0,2,1,0,0,1,0,1,0,0,0,2,1,0,1,0,0,0,2,0,0,0,1,0,0,0,0,1,0,0,2,1,0,1
836,0,0,0,0,0,0,0,0,0,0,2,0,1,0,0,0,4,2,0,0,0,0,0,0,0,0,0,1,5,0,0,0,4,0,0,2,0,0,0
837,0,0,0,0,0,1,0,3,0,0,0,0,1,0,0,0,4,4,0,0,2,0,0,2,1,0,0,3,0,0,0,0,1,0,0,3,1,0,0
838,0,0,1,0,0,0,1,2,0,1,0,0,0,0,0,0,4,2,1,0,0,0,0,0,0,0,0,4,0,0,0,1,2,0,0,1,1,0,1
839,0,0,0,0,0,0,0,1,0,0,0,0,0,0,0,0,4,1,0,0,0,0,0,0,0,0,0,1,0,0,0,0,2,0,0,2,0,0,0
840,0,0,0,0,0,1,2,2,0,1,0,0,2,0,0,0,3,1,0,0,0,0,1,1,0,0,0,3,3,0,0,0,3,0,0,2,0,0,1
841,0,0,2,0,0,0,0,1,0,1,1,0,0,0,0,0,4,1,2,1,0,0,0,1,0,0,0,1,2,0,0,0,0,0,0,3,0,0,0
842,0,0,0,0,0,1,0,0,0,0,0,0,0,0,0,0,2,1,0,1,0,0,0,0,0,0,0,0,0,0,0,0,4,0,0,2,0,0,0
843,1,0,1,0,0,0,0,1,0,2,2,0,0,2,0,0,4,2,1,1,2,0,0,0,0,0,0,3,0,0,0,0,0,0,0,2,0,0,0
844,0,0,0,0,0,1,0,2,0,0,0,0,0,0,0,0,2,1,0,4,0,0,0,0,0,1,0,2,0,0,0,0,5,0,0,3,0,1,1
845,0,0,1,0,0,2,2,1,0,0,0,0,0,0,0,0,4,4,2,2,0,0,1,1,0,0,0,2,1,0,0,1,4,0,0,2,0,0,1
846,0,0,1,0,0,0,3,4,0,1,0,0,0,1,0,0,4,2,1,2,0,0,0,2,1,1,0,1,0,0,0,1,1,0,0,2,0,1,0
847,0,0,0,0,0,1,2,0,0,0,0,0,0,0,0,0,2,1,0,1,0,0,0,0,0,0,0,2,1,0,0,0,0,0,0,1,1,0,2
848,0,0,2,0,0,0,0,2,0,0,0,0,1,0,0,0,6,5,2,1,2,0,0,4,0,0,0,4,1,0,0,1,1,0,0,2,0,0,0
849,0,1,1,0,0,0,2,1,0,1,0,0,2,1,0,0,4,1,1,0,4,0,0,0,0,0,0,4,0,0,0,0,1,0,0,0,0,0,0
850,0,0,1,0,0,1,3,0,0,0,0,0,1,0,0,0,5,6,3,1,1,0,0,0,0,1,0,2,1,0,0,0,1,0,0,2,0,1,0
851,0,1,1,0,0,0,1,1,0,0,0,0,0,1,0,0,3,1,1,1,1,0,0,4,0,0,0,3,2,0,0,2,2,0,1,0,1,0,1
852,1,0,0,0,0,0,1,1,0,0,0,0,0,1,0,0,3,1,0,0,1,0,0,0,0,0,0,3,1,0,0,0,1,0,0,2,0,0,0
853,0,0,0,0,1,0,2,2,0,1,1,0,0,0,0,0,4,2,2,1,0,0,0,1,0,0,0,1,0,0,0,0,3,0,0,0,0,0,1
854,0,0,1,0,0,0,0,0,0,0,0,0,0,1,0,0,4,1,1,0,0,0,0,2,0,0,0,1,0,0,0,1,2,0,0,3,0,0,0
855,0,1,0,0,0,1,0,0,0,0,0,0,1,0,0,0,4,1,0,0,0,0,0,1,0,0,0,1,0,0,1,0,0,0,0,1,0,0,0
856,0,0,1,0,1,0,0,1,0,0,0,0,0,0,0,0,3,1,1,1,0,1,0,0,0,1,0,0,1,0,0,0,10,0,0,2,0,1,0
857,1,0,1,0,0,0,1,0,1,0,0,0,1,1,1,0,5,2,1,1,1,2,0,3,0,2,0,5,0,0,0,0,0,0,0,0,0,2,1
858,1,0,0,0,0,0,1,1,0,1,0,0,0,1,0,0,4,2,0,0,0,0,0,1,0,0,0,2,0,0,0,0,1,0,0,1,1,0,0
859,0,0,1,0,0,0,0,0,0,0,1,0,0,0,0,0,3,1,1,1,0,0,0,1,0,0,0,0,0,0,0,0,0,0,0,3,0,0,0
860,0,0,1,0,0,0,1,1,0,1,0,0,0,1,0,0,4,2,1,2,0,0,0,0,0,1,0,1,0,0,0,1,2,0,0,1,1,1,0
861,0,0,0,0,1,0,1,2,0,0,0,0,0,0,0,0,4,2,0,0,0,1,0,0,0,0,0,0,0,0,0,0,1,0,0,1,0,0,0
862,0,1,0,0,0,0,0,1,0,0,0,0,0,0,0,0,3,1,0,0,0,0,0,1,0,0,0,1,0,0,0,0,0,0,0,0,0,0,0
863,0,2,1,0,0,0,0,2,2,0,0,0,0,0,2,0,4,1,1,1,0,0,0,0,0,1,0,1,4,0,0,0,3,0,0,1,0,1,1
864,0,0,0,0,0,0,0,1,0,1,0,0,0,0,0,0,5,2,0,0,0,0,0,0,0,0,0,1,0,0,1,0,1,0,0,2,1,0,0
865,0,0,0,0,0,0,1,0,0,0,0,0,0,0,0,0,4,2,0,1,0,0,0,0,0,0,0,0,0,0,0,0,3,0,0,1,0,0,0
866,0,0,0,0,0,0,2,4,0,1,1,0,0,0,0,0,4,3,0,0,0,0,0,1,0,0,0,5,1,0,0,0,4,0,0,0,0,0,1
867,0,1,0,0,0,0,2,1,0,0,1,0,2,0,0,0,4,2,0,2,1,0,0,1,0,0,0,4,0,0,0,0,0,0,0,1,1,0,1
868,0,0,0,0,1,1,0,1,0,0,0,0,0,0,0,0,1,1,0,0,0,0,0,3,0,0,0,0,2,0,0,0,5,0,0,3,0,0,0
869,0,0,0,0,0,0,0,0,0,1,2,0,1,0,0,0,4,2,0,2,0,0,0,1,0,0,0,4,0,0,0,0,0,0,0,3,0,0,1
870,0,0,0,0,0,0,0,0,0,0,0,0,0,0,0,0,5,1,0,1,0,0,0,0,0,1,0,0,0,0,1,0,3,0,0,1,0,0,0
871,0,1,0,0,0,1,0,1,0,0,0,0,0,0,0,0,3,1,0,0,1,0,0,0,0,0,0,2,0,0,0,0,0,0,0,1,2,0,0
872,0,2,4,0,0,0,0,0,1,1,0,0,0,0,1,0,7,2,4,0,0,0,0,1,0,0,0,4,0,0,0,2,0,0,0,1,0,0,0
873,0,1,1,0,0,0,0,1,0,2,3,0,0,1,0,0,5,2,1,0,0,0,0,1,0,0,0,2,0,0,0,1,1,0,0,2,0,0,0
874,1,0,2,0,1,0,1,2,0,0,0,0,1,1,0,0,7,4,2,0,0,0,0,2,0,1,0,2,2,0,0,1,2,0,0,1,0,1,1
875,0,0,0,0,0,0,0,2,0,0,1,0,0,0,0,0,3,2,0,0,0,1,0,1,0,0,0,2,0,0,0,0,3,1,0,1,0,0,0
876,0,1,0,0,0,0,0,2,0,0,0,0,0,0,0,0,3,1,0,0,0,0,0,0,0,0,1,3,0,1,0,0,1,0,0,0,2,0,1
877,0,0,0,0,0,0,0,0,0,1,0,0,0,0,0,0,6,1,0,1,1,0,0,2,0,0,0,2,0,0,0,0,2,0,0,1,0,0,1
878,0,1,0,0,0,0,0,1,0,1,1,0,0,0,0,0,2,1,0,0,0,0,0,0,0,0,0,1,1,0,0,0,3,0,0,3,0,0,0
879,0,1,1,0,0,0,0,2,0,0,0,0,0,0,0,0,3,1,1,1,0,0,0,0,0,1,0,2,1,0,0,0,4,0,0,0,0,1,0
880,0,0,0,0,0,1,0,0,0,0,0,0,4,0,0,0,4,2,0,0,2,0,0,0,0,2,0,5,0,0,0,0,0,0,0,1,0,2,0
881,0,0,0,0,0,0,0,0,0,0,0,0,2,0,0,0,5,2,0,1,0,0,0,3,0,1,0,2,0,0,0,1,0,0,0,2,0,1,0
882,0,1,1,0,0,2,1,2,0,0,1,0,1,0,0,0,5,1,1,0,1,0,0,0,0,0,0,2,0,0,0,0,4,0,0,2,0,0,1
883,0,1,3,0,0,0,1,1,1,0,0,0,1,0,1,0,5,3,5,1,0,0,0,2,0,1,0,2,1,0,0,0,3,0,0,0,0,1,1
884,0,0,0,0,0,0,0,1,0,0,0,0,1,0,0,0,4,1,0,0,0,0,0,1,0,0,0,2,1,0,0,0,2,0,0,2,0,0,0
885,0,0,0,0,0,0,0,0,0,0,0,0,0,0,0,0,2,1,0,1,0,0,0,0,0,0,0,0,0,0,0,0,5,0,0,1,0,0,0
886,0,0,0,0,0,1,0,1,0,1,0,0,0,0,0,0,3,1,0,0,0,1,0,1,0,0,0,3,0,0,0,1,1,0,0,1,0,0,1
887,0,1,2,0,0,0,0,3,0,1,1,0,0,0,0,0,4,1,2,1,1,0,0,4,0,0,0,2,0,0,0,0,2,0,0,2,1,0,0
888,3,0,1,0,0,0,2,2,0,0,0,0,0,3,0,0,3,1,1,0,1,0,0,2,0,1,0,4,0,0,0,1,0,0,0,2,0,1,0
889,2,1,1,0,0,0,0,2,1,1,1,0,0,2,1,0,8,1,1,2,1,0,0,0,0,1,0,4,0,0,0,1,2,0,0,1,0,1,0
890,0,0,1,0,0,0,0,0,0,0,0,0,0,0,0,0,2,1,1,1,0,0,0,0,0,0,0,0,0,0,0,0,2,0,0,1,1,0,0
891,0,0,0,0,0,1,0,1,0,0,0,0,0,0,0,0,2,1,0,1,0,0,0,0,0,0,0,1,0,0,1,0,0,0,0,0,0,0,0
892,0,1,1,0,0,0,1,0,0,0,0,0,0,0,0,0,4,2,1,0,0,0,0,2,0,0,0,1,0,0,0,0,1,0,0,0,0,0,0
893,1,0,1,0,0,0,0,0,0,0,0,0,0,1,0,0,10,3,1,0,0,0,1,0,0,0,0,2,0,0,1,1,0,0,0,4,0,0,0
894,0,1,0,1,0,0,0,0,0,2,2,0,1,1,0,0,5,3,0,0,0,0,0,0,0,0,0,2,0,0,0,2,0,0,0,0,0,0,0
895,0,0,0,0,0,0,0,0,0,0,0,0,0,0,0,0,4,2,0,0,0,0,0,0,0,0,0,0,0,0,0,0,4,0,0,2,0,0,0
896,1,0,0,0,1,0,0,2,0,0,0,0,0,2,0,0,4,1,0,1,0,0,0,1,0,0,0,1,0,0,0,0,1,0,0,2,0,0,0
897,0,0,0,0,0,0,0,0,0,0,0,0,0,0,0,0,3,1,0,0,0,0,1,0,0,0,0,0,4,0,0,0,3,0,0,1,0,0,0
898,0,0,0,0,0,0,0,1,0,0,0,0,0,0,0,0,3,2,0,1,0,0,0,2,0,0,0,1,3,0,0,0,4,0,0,1,0,0,1
899,0,0,0,0,0,0,1,3,0,0,0,0,0,0,0,0,4,1,0,0,0,0,0,0,0,1,0,1,0,0,0,0,1,0,0,1,0,1,0
900,0,0,1,0,0,0,1,1,0,2,1,0,0,0,0,0,3,1,1,0,0,0,0,1,0,1,0,1,0,0,0,1,2,0,0,2,0,1,0
901,0,1,0,0,0,0,2,1,0,0,0,1,1,0,0,0,2,2,0,4,0,0,0,1,0,0,0,2,0,0,0,0,3,0,0,0,0,0,0